barcode	celltype
AAACATACACCCAA-1	CD8+ Cytotoxic T
AAACATACCCCTCA-1	CD8+/CD45RA+ Naive Cytotoxic
AAACATACCGGAGA-1	CD4+/CD45RO+ Memory
AAACATACTAACCG-1	CD19+ B
AAACATACTCTTCA-1	CD4+/CD25 T Reg
AAACATACTGGATC-1	CD4+/CD25 T Reg
AAACATACTGTCTT-1	CD4+/CD45RO+ Memory
AAACATACTTCTAC-1	CD8+ Cytotoxic T
AAACATTGCTGCTC-1	CD8+ Cytotoxic T
AAACATTGCTTCGC-1	CD56+ NK
AAACATTGGGGTGA-1	CD4+/CD45RO+ Memory
AAACATTGGTTCAG-1	CD8+/CD45RA+ Naive Cytotoxic
AAACATTGTCTTCA-1	CD4+/CD25 T Reg
AAACCGTGACAGTC-1	CD8+ Cytotoxic T
AAACCGTGCCCAAA-1	CD8+ Cytotoxic T
AAACCGTGCGATAC-1	CD8+ Cytotoxic T
AAACCGTGTACAGC-1	CD4+/CD45RO+ Memory
AAACCGTGTCACCC-1	CD8+ Cytotoxic T
AAACCGTGTCGCTC-1	CD19+ B
AAACCGTGTTTCAC-1	CD8+/CD45RA+ Naive Cytotoxic
AAACGCACGGGTGA-1	CD4+ T Helper2
AAACGCACGGTACT-1	CD56+ NK
AAACGCTGAGCAAA-1	CD8+/CD45RA+ Naive Cytotoxic
AAACGCTGAGCCAT-1	CD19+ B
AAACGCTGAGCGGA-1	CD8+ Cytotoxic T
AAACGCTGGCTAAC-1	CD56+ NK
AAACGCTGTCGCTC-1	CD4+/CD25 T Reg
AAACGCTGTTATCC-1	CD4+/CD25 T Reg
AAACGGCTACCCTC-1	CD8+/CD45RA+ Naive Cytotoxic
AAACGGCTATGTGC-1	CD8+/CD45RA+ Naive Cytotoxic
AAACGGCTGCAGAG-1	CD8+ Cytotoxic T
AAACGGCTGGGAGT-1	CD8+/CD45RA+ Naive Cytotoxic
AAACGGCTGGTAGG-1	CD4+/CD45RA+/CD25- Naive T
AAACGGCTGTACAC-1	CD8+/CD45RA+ Naive Cytotoxic
AAACGGCTTACTGG-1	CD8+ Cytotoxic T
AAACGGCTTGAGGG-1	CD8+/CD45RA+ Naive Cytotoxic
AAACGGCTTGCACA-1	CD8+ Cytotoxic T
AAACGGCTTGGATC-1	CD4+/CD45RO+ Memory
AAACTTGAATCGTG-1	CD4+/CD25 T Reg
AAACTTGACCAGTA-1	CD56+ NK
AAACTTGACCTAAG-1	CD56+ NK
AAACTTGACGAGAG-1	CD8+ Cytotoxic T
AAACTTGACTGTAG-1	CD56+ NK
AAACTTGAGCTTAG-1	CD4+/CD25 T Reg
AAACTTGAGGAGCA-1	CD4+/CD25 T Reg
AAACTTGATTATCC-1	CD34+
AAAGACGAAAACAG-1	CD8+ Cytotoxic T
AAAGACGAAGTCAC-1	CD4+/CD45RO+ Memory
AAAGACGAAGTCGT-1	CD56+ NK
AAAGACGACAGAAA-1	CD4+/CD45RO+ Memory
AAAGACGACCCTTG-1	CD56+ NK
AAAGACGACTCAAG-1	CD8+ Cytotoxic T
AAAGACGAGACGAG-1	Dendritic
AAAGACGAGCCAAT-1	CD56+ NK
AAAGACGAGCCTTC-1	CD19+ B
AAAGACGAGCTAAC-1	CD4+/CD25 T Reg
AAAGACGATCAGAC-1	CD4+/CD45RA+/CD25- Naive T
AAAGACGATTCACT-1	CD19+ B
AAAGACGATTTCTG-1	CD56+ NK
AAAGAGACAAGAGT-1	CD8+/CD45RA+ Naive Cytotoxic
AAAGAGACACTAGC-1	CD8+ Cytotoxic T
AAAGAGACATGCCA-1	CD8+/CD45RA+ Naive Cytotoxic
AAAGAGACCCAGTA-1	CD8+/CD45RA+ Naive Cytotoxic
AAAGAGACCCTAAG-1	CD4+/CD25 T Reg
AAAGAGACGACGAG-1	CD19+ B
AAAGAGACGTTACG-1	CD4+/CD25 T Reg
AAAGAGACGTTGCA-1	CD8+ Cytotoxic T
AAAGAGACTGAGAA-1	CD8+ Cytotoxic T
AAAGAGACTGCCTC-1	CD4+/CD45RA+/CD25- Naive T
AAAGAGACTTCTTG-1	CD19+ B
AAAGATCTAATCGC-1	CD56+ NK
AAAGATCTATGCTG-1	CD8+/CD45RA+ Naive Cytotoxic
AAAGATCTCGTGTA-1	CD19+ B
AAAGATCTCTGTCC-1	CD4+/CD25 T Reg
AAAGATCTGGTAAA-1	CD4+/CD25 T Reg
AAAGATCTTATCTC-1	CD4+/CD25 T Reg
AAAGATCTTCAGGT-1	CD8+ Cytotoxic T
AAAGCAGAAACGGG-1	CD8+ Cytotoxic T
AAAGCAGAAATGCC-1	CD14+ Monocyte
AAAGCAGATTAGGC-1	CD8+ Cytotoxic T
AAAGCCTGCCGCTT-1	CD8+ Cytotoxic T
AAAGCCTGCTAAGC-1	CD19+ B
AAAGCCTGGAAACA-1	CD56+ NK
AAAGCCTGGAGCAG-1	CD8+ Cytotoxic T
AAAGCCTGGAGGCA-1	CD19+ B
AAAGCCTGGCTAAC-1	CD14+ Monocyte
AAAGGCCTAGATCC-1	CD4+/CD45RO+ Memory
AAAGGCCTCCCTAC-1	CD56+ NK
AAAGGCCTGAACTC-1	CD8+/CD45RA+ Naive Cytotoxic
AAAGGCCTGAGACG-1	CD8+/CD45RA+ Naive Cytotoxic
AAAGGCCTGATGAA-1	CD8+/CD45RA+ Naive Cytotoxic
AAAGGCCTGCTTCC-1	CD8+/CD45RA+ Naive Cytotoxic
AAAGTTTGCCCGTT-1	CD8+ Cytotoxic T
AAAGTTTGCCCTCA-1	CD8+/CD45RA+ Naive Cytotoxic
AAAGTTTGCTCTCG-1	CD4+/CD25 T Reg
AAAGTTTGGTAAGA-1	CD4+/CD45RA+/CD25- Naive T
AAAGTTTGGTCAAC-1	CD8+/CD45RA+ Naive Cytotoxic
AAAGTTTGTACTTC-1	CD8+/CD45RA+ Naive Cytotoxic
AAAGTTTGTATTCC-1	CD8+/CD45RA+ Naive Cytotoxic
AAAGTTTGTCACGA-1	CD4+/CD45RA+/CD25- Naive T
AAATACTGCCTCAC-1	CD4+/CD45RA+/CD25- Naive T
AAATACTGCTTACT-1	CD4+/CD25 T Reg
AAATACTGTTGCAG-1	CD8+ Cytotoxic T
AAATCAACAACGTC-1	CD19+ B
AAATCAACAGTCGT-1	CD8+/CD45RA+ Naive Cytotoxic
AAATCAACAGTCTG-1	CD4+/CD45RA+/CD25- Naive T
AAATCAACCCCTAC-1	CD8+ Cytotoxic T
AAATCAACCGAGAG-1	CD8+ Cytotoxic T
AAATCAACCTCCAC-1	CD8+ Cytotoxic T
AAATCAACCTCGAA-1	CD8+/CD45RA+ Naive Cytotoxic
AAATCAACGTTGCA-1	CD8+ Cytotoxic T
AAATCAACTCTAGG-1	CD8+/CD45RA+ Naive Cytotoxic
AAATCAACTTAGGC-1	CD8+ Cytotoxic T
AAATCATGACCTTT-1	CD8+ Cytotoxic T
AAATCATGCGCCTT-1	CD8+/CD45RA+ Naive Cytotoxic
AAATCATGCTGACA-1	CD8+/CD45RA+ Naive Cytotoxic
AAATCATGGGAACG-1	CD8+ Cytotoxic T
AAATCATGGGACAG-1	CD8+/CD45RA+ Naive Cytotoxic
AAATCATGGGACGA-1	CD19+ B
AAATCATGTCATTC-1	CD8+/CD45RA+ Naive Cytotoxic
AAATCCCTCGAGAG-1	CD19+ B
AAATCCCTGGACGA-1	CD56+ NK
AAATCCCTGTGCAT-1	CD19+ B
AAATCCCTTAACCG-1	CD4+/CD45RO+ Memory
AAATCCCTTGTCAG-1	CD4+/CD45RA+/CD25- Naive T
AAATCTGAACCGAT-1	CD8+ Cytotoxic T
AAATCTGAACGACT-1	CD8+/CD45RA+ Naive Cytotoxic
AAATCTGAATTCTC-1	CD19+ B
AAATCTGACATCAG-1	CD8+ Cytotoxic T
AAATCTGACCCTCA-1	CD8+/CD45RA+ Naive Cytotoxic
AAATCTGACCTAAG-1	CD8+/CD45RA+ Naive Cytotoxic
AAATCTGACTACGA-1	CD4+/CD25 T Reg
AAATCTGAGTCAAC-1	CD8+ Cytotoxic T
AAATCTGAGTCTGA-1	CD14+ Monocyte
AAATCTGATCCAGA-1	CD19+ B
AAATCTGATCTCTA-1	CD56+ NK
AAATGGGAACGTAC-1	CD56+ NK
AAATGGGACTGAGT-1	CD14+ Monocyte
AAATGGGAGCCTTC-1	CD14+ Monocyte
AAATGGGATCACCC-1	CD4+/CD25 T Reg
AAATGGGATCCAGA-1	CD19+ B
AAATGGGATGCGTA-1	CD4+/CD25 T Reg
AAATGTTGACGGTT-1	CD19+ B
AAATGTTGATTCGG-1	Dendritic
AAATGTTGCTGTCC-1	CD8+ Cytotoxic T
AAATGTTGGATACC-1	CD8+/CD45RA+ Naive Cytotoxic
AAATGTTGGCAAGG-1	CD8+/CD45RA+ Naive Cytotoxic
AAATGTTGGCGAAG-1	CD8+ Cytotoxic T
AAATGTTGGCGTTA-1	CD19+ B
AAATGTTGTTTGTC-1	CD19+ B
AAATTCGAAAGGTA-1	CD8+ Cytotoxic T
AAATTCGAACGCTA-1	CD14+ Monocyte
AAATTCGAAGTAGA-1	CD8+/CD45RA+ Naive Cytotoxic
AAATTCGACACTAG-1	CD8+ Cytotoxic T
AAATTCGACATGCA-1	CD4+/CD25 T Reg
AAATTCGACCATGA-1	CD4+/CD45RA+/CD25- Naive T
AAATTCGACGCAAT-1	CD8+/CD45RA+ Naive Cytotoxic
AAATTCGACGTACA-1	CD4+/CD45RO+ Memory
AAATTCGACTCATT-1	CD8+ Cytotoxic T
AAATTCGAGATAGA-1	CD8+/CD45RA+ Naive Cytotoxic
AAATTCGAGCGAGA-1	CD8+/CD45RA+ Naive Cytotoxic
AAATTCGAGGGACA-1	CD8+/CD45RA+ Naive Cytotoxic
AAATTCGATGCACA-1	Dendritic
AAATTCGATTAGGC-1	CD4+/CD25 T Reg
AAATTGACATCTTC-1	CD8+/CD45RA+ Naive Cytotoxic
AAATTGACCGTAGT-1	CD8+ Cytotoxic T
AAATTGACCTTGAG-1	CD8+ Cytotoxic T
AAATTGACGAGCTT-1	CD34+
AAATTGACGGGAGT-1	CD8+/CD45RA+ Naive Cytotoxic
AAATTGACTGGCAT-1	CD8+ Cytotoxic T
AAATTGACTGTCAG-1	CD8+ Cytotoxic T
AACAAACTGTTAGC-1	CD8+/CD45RA+ Naive Cytotoxic
AACAAACTTCCTTA-1	CD56+ NK
AACAAACTTCTCTA-1	CD19+ B
AACAAACTTGAGGG-1	CD8+/CD45RA+ Naive Cytotoxic
AACAAACTTGCCCT-1	CD56+ NK
AACAAACTTTTCTG-1	CD8+/CD45RA+ Naive Cytotoxic
AACAATACAACAGA-1	CD8+ Cytotoxic T
AACAATACAGCACT-1	CD14+ Monocyte
AACAATACAGTCTG-1	CD4+/CD25 T Reg
AACAATACATGTCG-1	CD19+ B
AACAATACCGTTAG-1	CD8+ Cytotoxic T
AACAATACGAAAGT-1	CD4+/CD45RA+/CD25- Naive T
AACAATACTACGCA-1	CD56+ NK
AACAATACTCAAGC-1	CD8+/CD45RA+ Naive Cytotoxic
AACAATACTGAGGG-1	CD8+/CD45RA+ Naive Cytotoxic
AACACGTGACACCA-1	CD56+ NK
AACACGTGAGATGA-1	CD8+ Cytotoxic T
AACACGTGAGCATC-1	CD4+ T Helper2
AACACGTGCAATCG-1	CD8+ Cytotoxic T
AACACGTGCTTGTT-1	CD8+ Cytotoxic T
AACACGTGGCTTCC-1	CD8+/CD45RA+ Naive Cytotoxic
AACACGTGGTCTTT-1	CD56+ NK
AACACGTGTGTCAG-1	CD8+/CD45RA+ Naive Cytotoxic
AACACTCTCTTGCC-1	CD8+ Cytotoxic T
AACACTCTGTTCGA-1	CD8+/CD45RA+ Naive Cytotoxic
AACAGAGACTCGCT-1	CD8+/CD45RA+ Naive Cytotoxic
AACAGAGATGTCAG-1	CD8+/CD45RA+ Naive Cytotoxic
AACAGCACAGAAGT-1	CD8+/CD45RA+ Naive Cytotoxic
AACAGCACCACTTT-1	CD4+/CD25 T Reg
AACAGCACCCACCT-1	CD56+ NK
AACAGCACCTTGGA-1	CD8+/CD45RA+ Naive Cytotoxic
AACAGCACGAACCT-1	CD8+ Cytotoxic T
AACAGCACGAGACG-1	CD14+ Monocyte
AACAGCACGAGCTT-1	CD8+/CD45RA+ Naive Cytotoxic
AACAGCACGTATGC-1	CD56+ NK
AACATATGCCAAGT-1	CD56+ NK
AACATATGCGGTAT-1	CD4+/CD25 T Reg
AACATATGCTCCCA-1	CD8+/CD45RA+ Naive Cytotoxic
AACATATGGCATCA-1	CD8+ Cytotoxic T
AACATATGGGGAGT-1	CD8+/CD45RA+ Naive Cytotoxic
AACATATGGGGCAA-1	CD4+/CD45RO+ Memory
AACATATGTTAGGC-1	CD19+ B
AACATTGAACGGTT-1	CD56+ NK
AACATTGAAGTGCT-1	CD19+ B
AACATTGACAGAAA-1	CD8+/CD45RA+ Naive Cytotoxic
AACATTGAGAGACG-1	CD8+/CD45RA+ Naive Cytotoxic
AACATTGAGAGCTT-1	CD8+/CD45RA+ Naive Cytotoxic
AACATTGAGCATCA-1	CD4+/CD45RO+ Memory
AACATTGAGCTGTA-1	CD56+ NK
AACATTGAGCTTCC-1	CD56+ NK
AACATTGAGGACGA-1	CD8+/CD45RA+ Naive Cytotoxic
AACATTGATAAGCC-1	CD8+ Cytotoxic T
AACATTGATCAAGC-1	CD8+/CD45RA+ Naive Cytotoxic
AACATTGATCTACT-1	CD19+ B
AACATTGATTACTC-1	CD8+ Cytotoxic T
AACCACGAACGCAT-1	CD8+ Cytotoxic T
AACCACGAGCCTTC-1	CD19+ B
AACCACGATGAACC-1	CD19+ B
AACCACGATGTTCT-1	CD8+ Cytotoxic T
AACCAGTGACTGGT-1	Dendritic
AACCAGTGATCACG-1	CD4+/CD25 T Reg
AACCAGTGATCTCT-1	CD8+/CD45RA+ Naive Cytotoxic
AACCAGTGCCCACT-1	CD56+ NK
AACCAGTGCCGTTC-1	CD8+/CD45RA+ Naive Cytotoxic
AACCAGTGGCGAGA-1	CD4+/CD25 T Reg
AACCAGTGGCTGAT-1	CD8+/CD45RA+ Naive Cytotoxic
AACCAGTGTCAGAC-1	CD8+/CD45RA+ Naive Cytotoxic
AACCAGTGTCCCAC-1	CD56+ NK
AACCCAGAACCACA-1	CD19+ B
AACCCAGACAGAGG-1	CD56+ NK
AACCCAGACATACG-1	Dendritic
AACCCAGACCGTTC-1	CD56+ NK
AACCCAGACGCTAA-1	CD8+/CD45RA+ Naive Cytotoxic
AACCCAGAGACGGA-1	CD56+ NK
AACCCAGAGCTGTA-1	CD8+/CD45RA+ Naive Cytotoxic
AACCCAGAGGAGGT-1	CD8+/CD45RA+ Naive Cytotoxic
AACCCAGATCCTTA-1	CD8+ Cytotoxic T
AACCGATGAAGAAC-1	CD4+/CD45RO+ Memory
AACCGATGACAGCT-1	CD4+/CD45RA+/CD25- Naive T
AACCGATGCTCCCA-1	CD56+ NK
AACCGATGGGTTCA-1	CD4+/CD45RA+/CD25- Naive T
AACCGCCTGCTGTA-1	CD56+ NK
AACCGCCTGGCAAG-1	CD8+ Cytotoxic T
AACCGCCTGTTCTT-1	CD14+ Monocyte
AACCTACTACACGT-1	CD8+/CD45RA+ Naive Cytotoxic
AACCTACTCAACTG-1	CD8+/CD45RA+ Naive Cytotoxic
AACCTACTGAGCTT-1	CD4+/CD45RO+ Memory
AACCTACTGTCAAC-1	CD8+ Cytotoxic T
AACCTTACGCATCA-1	CD56+ NK
AACCTTACTGAGGG-1	CD8+/CD45RA+ Naive Cytotoxic
AACCTTACTTCAGG-1	CD8+/CD45RA+ Naive Cytotoxic
AACCTTTGACACGT-1	CD4+/CD45RO+ Memory
AACCTTTGGCAGAG-1	CD56+ NK
AACGCAACAGGTTC-1	CD8+/CD45RA+ Naive Cytotoxic
AACGCAACCCCTTG-1	CD56+ NK
AACGCAACGTTTGG-1	CD56+ NK
AACGCAACTTCGTT-1	CD8+/CD45RA+ Naive Cytotoxic
AACGCATGAGGTCT-1	CD14+ Monocyte
AACGCATGCTAGCA-1	CD4+/CD45RA+/CD25- Naive T
AACGCATGTGAGCT-1	CD8+/CD45RA+ Naive Cytotoxic
AACGCCCTACAGCT-1	CD8+ Cytotoxic T
AACGCCCTCGAGTT-1	CD8+ Cytotoxic T
AACGCCCTCTCAGA-1	CD8+/CD45RA+ Naive Cytotoxic
AACGCCCTGAGGCA-1	CD4+/CD45RA+/CD25- Naive T
AACGCCCTGGAGCA-1	CD8+ Cytotoxic T
AACGCCCTTGTTCT-1	CD56+ NK
AACGGTACACCTTT-1	CD19+ B
AACGGTACAGCTAC-1	CD56+ NK
AACGGTACAGGTCT-1	CD4+/CD25 T Reg
AACGGTACCACTCC-1	CD56+ NK
AACGGTACGGCAAG-1	CD8+ Cytotoxic T
AACGGTACGTTAGC-1	CD8+/CD45RA+ Naive Cytotoxic
AACGGTACTGCTGA-1	CD19+ B
AACGGTTGAAACGA-1	CD8+/CD45RA+ Naive Cytotoxic
AACGGTTGAGAGGC-1	CD14+ Monocyte
AACGGTTGCTCTAT-1	CD8+ Cytotoxic T
AACGGTTGGAGGAC-1	CD8+ Cytotoxic T
AACGGTTGGGGAGT-1	CD56+ NK
AACGGTTGTACGAC-1	CD8+ Cytotoxic T
AACGGTTGTGTTTC-1	CD4+/CD45RA+/CD25- Naive T
AACGTCGACAAGCT-1	CD8+/CD45RA+ Naive Cytotoxic
AACGTCGAGAGGTG-1	CD8+ Cytotoxic T
AACGTCGAGATGAA-1	CD8+/CD45RA+ Naive Cytotoxic
AACGTCGAGGTACT-1	CD14+ Monocyte
AACGTCGAGTAAAG-1	CD56+ NK
AACGTCGATAGAAG-1	CD56+ NK
AACGTCGATAGCCA-1	CD8+ Cytotoxic T
AACGTGTGAAAAGC-1	CD8+ Cytotoxic T
AACGTGTGCCAACA-1	CD19+ B
AACGTGTGCCTACC-1	CD4+/CD25 T Reg
AACGTGTGCCTTAT-1	CD8+/CD45RA+ Naive Cytotoxic
AACGTGTGCTGAAC-1	CD8+/CD45RA+ Naive Cytotoxic
AACGTGTGGGATCT-1	CD8+/CD45RA+ Naive Cytotoxic
AACGTGTGGTAGCT-1	CD8+/CD45RA+ Naive Cytotoxic
AACGTGTGTGAGAA-1	CD56+ NK
AACGTGTGTGGGAG-1	CD8+/CD45RA+ Naive Cytotoxic
AACGTTCTAGATCC-1	CD4+/CD45RO+ Memory
AACGTTCTATCTTC-1	CD4+/CD45RO+ Memory
AACGTTCTCATGCA-1	CD8+/CD45RA+ Naive Cytotoxic
AACGTTCTCCCTTG-1	CD8+ Cytotoxic T
AACGTTCTGACGAG-1	CD4+/CD45RA+/CD25- Naive T
AACGTTCTTTCTAC-1	CD8+/CD45RA+ Naive Cytotoxic
AACTACCTAAGTAG-1	CD8+ Cytotoxic T
AACTACCTACCAAC-1	CD8+/CD45RA+ Naive Cytotoxic
AACTACCTACTTTC-1	CD8+ Cytotoxic T
AACTACCTATGTCG-1	CD8+/CD45RA+ Naive Cytotoxic
AACTACCTCCGTTC-1	CD14+ Monocyte
AACTACCTCCTGTC-1	CD56+ NK
AACTACCTCTGCAA-1	CD8+ Cytotoxic T
AACTACCTTGACCA-1	CD8+/CD45RA+ Naive Cytotoxic
AACTCACTACACGT-1	CD8+ Cytotoxic T
AACTCACTACCATG-1	CD8+ Cytotoxic T
AACTCACTACTGTG-1	CD8+/CD45RA+ Naive Cytotoxic
AACTCACTCTATGG-1	CD8+ Cytotoxic T
AACTCGGAACACAC-1	CD19+ B
AACTCGGAACCTAG-1	CD8+ Cytotoxic T
AACTCGGACTGATG-1	CD8+ Cytotoxic T
AACTCGGAGATGAA-1	CD8+/CD45RA+ Naive Cytotoxic
AACTCGGAGTCACA-1	CD8+ Cytotoxic T
AACTCGGATGCAAC-1	CD8+ Cytotoxic T
AACTCTTGAAGCCT-1	Dendritic
AACTCTTGGAGCTT-1	CD8+ Cytotoxic T
AACTGTCTATCTTC-1	CD8+/CD45RA+ Naive Cytotoxic
AACTGTCTCGAACT-1	CD8+/CD45RA+ Naive Cytotoxic
AACTGTCTCTGACA-1	CD8+/CD45RA+ Naive Cytotoxic
AACTGTCTCTGAGT-1	CD8+/CD45RA+ Naive Cytotoxic
AACTGTCTGTCTAG-1	CD14+ Monocyte
AACTGTCTGTGTTG-1	CD19+ B
AACTTGCTAACGTC-1	CD19+ B
AACTTGCTGTGAGG-1	CD8+/CD45RA+ Naive Cytotoxic
AACTTGCTTGAGGG-1	CD8+ Cytotoxic T
AAGAACGAACGTTG-1	CD56+ NK
AAGAACGAAGAAGT-1	CD8+/CD45RA+ Naive Cytotoxic
AAGAACGACTAGCA-1	CD8+ Cytotoxic T
AAGAACGACTCAAG-1	CD8+/CD45RA+ Naive Cytotoxic
AAGAACGAGCAGAG-1	CD8+ Cytotoxic T
AAGAACGAGCTGAT-1	CD8+/CD45RA+ Naive Cytotoxic
AAGAAGACACGTTG-1	CD4+/CD25 T Reg
AAGAAGACACTCTT-1	CD19+ B
AAGAAGACCAGGAG-1	CD8+ Cytotoxic T
AAGAAGACCATTCT-1	CD8+ Cytotoxic T
AAGAAGACTAACGC-1	CD56+ NK
AAGAAGACTACTTC-1	CD14+ Monocyte
AAGAATCTAACGGG-1	CD8+ Cytotoxic T
AAGAATCTCAAGCT-1	CD8+ Cytotoxic T
AAGAATCTCACTCC-1	CD8+ Cytotoxic T
AAGAATCTCACTGA-1	CD8+ Cytotoxic T
AAGAATCTCTTGAG-1	CD8+/CD45RA+ Naive Cytotoxic
AAGAATCTGCATCA-1	CD14+ Monocyte
AAGAATCTTCCAAG-1	CD8+ Cytotoxic T
AAGAATCTTGCAGT-1	CD8+/CD45RA+ Naive Cytotoxic
AAGACAGAAGAAGT-1	CD8+ Cytotoxic T
AAGACAGACCTGAA-1	CD19+ B
AAGACAGACTGTGA-1	Dendritic
AAGACAGATCCGTC-1	CD4+/CD45RA+/CD25- Naive T
AAGAGATGCAGAGG-1	CD8+ Cytotoxic T
AAGAGATGCCTCAC-1	CD8+/CD45RA+ Naive Cytotoxic
AAGAGATGGGAGTG-1	CD4+/CD25 T Reg
AAGAGATGGTAGGG-1	CD8+/CD45RA+ Naive Cytotoxic
AAGAGATGTGAACC-1	CD8+/CD45RA+ Naive Cytotoxic
AAGATGGACGTTAG-1	CD8+/CD45RA+ Naive Cytotoxic
AAGATGGAGAATCC-1	CD4+/CD45RO+ Memory
AAGATGGATAAAGG-1	CD8+ Cytotoxic T
AAGATGGATCCGTC-1	CD8+ Cytotoxic T
AAGATGGATCTCCG-1	CD8+ Cytotoxic T
AAGATGGATGCCAA-1	CD14+ Monocyte
AAGATGGATTCGGA-1	CD8+/CD45RA+ Naive Cytotoxic
AAGATGGATTGTGG-1	CD8+ Cytotoxic T
AAGATTACATTGGC-1	CD8+/CD45RA+ Naive Cytotoxic
AAGATTACCCACAA-1	CD8+ Cytotoxic T
AAGATTACCTGCTC-1	CD8+ Cytotoxic T
AAGATTACGTTCAG-1	CD8+ Cytotoxic T
AAGATTACTGAGGG-1	CD56+ NK
AAGCAAGAAGGGTG-1	CD8+ Cytotoxic T
AAGCAAGAGAAACA-1	CD14+ Monocyte
AAGCAAGAGACAGG-1	CD8+ Cytotoxic T
AAGCAAGATACTCT-1	CD4+/CD25 T Reg
AAGCAAGATAGACC-1	CD4+/CD45RO+ Memory
AAGCAAGATCGATG-1	CD4+/CD45RA+/CD25- Naive T
AAGCACTGCTCATT-1	CD8+/CD45RA+ Naive Cytotoxic
AAGCACTGGGAGTG-1	CD56+ NK
AAGCACTGGTCTGA-1	CD8+ Cytotoxic T
AAGCACTGGTGCAT-1	CD4+/CD45RA+/CD25- Naive T
AAGCACTGTCAGAC-1	CD8+/CD45RA+ Naive Cytotoxic
AAGCCAACCCTACC-1	CD8+ Cytotoxic T
AAGCCAACGCGAGA-1	CD8+/CD45RA+ Naive Cytotoxic
AAGCCAACTCATTC-1	CD19+ B
AAGCCATGCAGATC-1	CD8+/CD45RA+ Naive Cytotoxic
AAGCCATGCCCACT-1	CD8+/CD45RA+ Naive Cytotoxic
AAGCCATGCGGAGA-1	CD4+/CD45RA+/CD25- Naive T
AAGCCATGGAGGAC-1	CD8+ Cytotoxic T
AAGCCATGGTAGGG-1	CD19+ B
AAGCCATGTGAGAA-1	CD8+/CD45RA+ Naive Cytotoxic
AAGCCTGAAAGTGA-1	CD8+ Cytotoxic T
AAGCCTGAACGGTT-1	CD8+/CD45RA+ Naive Cytotoxic
AAGCCTGACGACAT-1	CD8+ Cytotoxic T
AAGCCTGACTACTT-1	CD19+ B
AAGCCTGAGGAAAT-1	CD8+/CD45RA+ Naive Cytotoxic
AAGCCTGATCCGAA-1	CD8+/CD45RA+ Naive Cytotoxic
AAGCGACTACCAAC-1	CD8+ Cytotoxic T
AAGCGACTACCCTC-1	CD8+ Cytotoxic T
AAGCGACTCATACG-1	CD19+ B
AAGCGACTGCAGAG-1	CD8+/CD45RA+ Naive Cytotoxic
AAGCGACTGGTATC-1	CD8+ Cytotoxic T
AAGCGACTGTGCAT-1	Dendritic
AAGCGACTTCCTCG-1	CD8+/CD45RA+ Naive Cytotoxic
AAGCGTACAAAGCA-1	CD56+ NK
AAGCGTACCATCAG-1	CD8+ Cytotoxic T
AAGCGTACCCTTGC-1	CD8+/CD45RA+ Naive Cytotoxic
AAGCGTACGCAGTT-1	CD8+ Cytotoxic T
AAGCGTACGTGTAC-1	CD8+ Cytotoxic T
AAGCGTACTTGACG-1	CD19+ B
AAGGCTACAACGAA-1	CD4+/CD25 T Reg
AAGGCTACAAGATG-1	CD4+/CD45RO+ Memory
AAGGCTACGGTATC-1	CD19+ B
AAGGCTACTTGCAG-1	CD8+/CD45RA+ Naive Cytotoxic
AAGGCTTGGCATAC-1	CD8+ Cytotoxic T
AAGGCTTGGCCAAT-1	CD4+/CD25 T Reg
AAGGCTTGTGAAGA-1	CD4+/CD25 T Reg
AAGGCTTGTTCACT-1	CD8+/CD45RA+ Naive Cytotoxic
AAGGCTTGTTCGCC-1	CD19+ B
AAGGCTTGTTTCGT-1	CD14+ Monocyte
AAGGTCACAACCTG-1	CD4+/CD45RO+ Memory
AAGGTCACGAGCAG-1	CD8+/CD45RA+ Naive Cytotoxic
AAGGTCACTCGATG-1	CD56+ NK
AAGGTCTGATCAGC-1	CD56+ NK
AAGGTCTGCGTCTC-1	CD8+/CD45RA+ Naive Cytotoxic
AAGGTCTGCTGTCC-1	CD56+ NK
AAGGTCTGCTTTAC-1	CD8+ Cytotoxic T
AAGGTCTGGCCAAT-1	CD8+/CD45RA+ Naive Cytotoxic
AAGGTCTGGGTAAA-1	CD8+ Cytotoxic T
AAGGTCTGGTTTGG-1	CD8+ Cytotoxic T
AAGGTGCTAGCCTA-1	CD4+/CD25 T Reg
AAGGTGCTCACTCC-1	CD8+/CD45RA+ Naive Cytotoxic
AAGGTGCTCATTTC-1	Dendritic
AAGGTGCTCCGTAA-1	CD8+/CD45RA+ Naive Cytotoxic
AAGGTGCTGGCAAG-1	CD8+ Cytotoxic T
AAGGTGCTGTATGC-1	CD8+ Cytotoxic T
AAGGTGCTGTTCGA-1	CD8+ Cytotoxic T
AAGGTGCTTGCCCT-1	CD8+/CD45RA+ Naive Cytotoxic
AAGTAACTAGAATG-1	CD8+ Cytotoxic T
AAGTAACTAGCCAT-1	CD4+/CD45RA+/CD25- Naive T
AAGTAACTATCTCT-1	CD8+ Cytotoxic T
AAGTAACTCACTCC-1	CD19+ B
AAGTAACTCGGGAA-1	CD8+/CD45RA+ Naive Cytotoxic
AAGTAACTCTAGTG-1	CD8+ Cytotoxic T
AAGTAACTGAGCTT-1	CD4+/CD45RA+/CD25- Naive T
AAGTAACTGGTAGG-1	CD8+ Cytotoxic T
AAGTAACTGGTCAT-1	CD8+/CD45RA+ Naive Cytotoxic
AAGTAACTTTCTTG-1	CD8+ Cytotoxic T
AAGTAGGACGTTGA-1	CD19+ B
AAGTAGGAGAAACA-1	CD4+/CD45RO+ Memory
AAGTAGGAGAACCT-1	CD8+ Cytotoxic T
AAGTAGGAGGAACG-1	CD8+ Cytotoxic T
AAGTAGGATTGTCT-1	CD8+/CD45RA+ Naive Cytotoxic
AAGTATACACGTGT-1	CD4+/CD25 T Reg
AAGTATACATACCG-1	CD56+ NK
AAGTATACGCTGAT-1	CD19+ B
AAGTATACGTTCGA-1	Dendritic
AAGTCCGAAGTGCT-1	CD8+ Cytotoxic T
AAGTCCGAGAATGA-1	CD8+ Cytotoxic T
AAGTCCGAGATGAA-1	CD8+ Cytotoxic T
AAGTCCGAGGCGAA-1	CD8+ Cytotoxic T
AAGTCCGATACTGG-1	CD14+ Monocyte
AAGTCCGATCTATC-1	CD4+/CD45RO+ Memory
AAGTCCGATTGAGC-1	CD8+ Cytotoxic T
AAGTCTCTCAATCG-1	CD19+ B
AAGTCTCTCCAAGT-1	CD4+/CD45RO+ Memory
AAGTCTCTGGAAAT-1	CD8+ Cytotoxic T
AAGTCTCTTACGAC-1	CD8+/CD45RA+ Naive Cytotoxic
AAGTGCACAAGCAA-1	CD8+ Cytotoxic T
AAGTGCACAGGTTC-1	CD19+ B
AAGTGCACATCGGT-1	CD56+ NK
AAGTGCACCGTCTC-1	CD56+ NK
AAGTGCACGTGCTA-1	CD4+/CD25 T Reg
AAGTGGCTAACGAA-1	CD8+ Cytotoxic T
AAGTGGCTGCTACA-1	CD56+ NK
AAGTTATGAGAGTA-1	CD8+/CD45RA+ Naive Cytotoxic
AAGTTATGCCAAGT-1	CD8+/CD45RA+ Naive Cytotoxic
AAGTTCCTAGGTCT-1	CD8+ Cytotoxic T
AAGTTCCTCTATGG-1	CD19+ B
AAGTTCCTCTCTTA-1	CD8+ Cytotoxic T
AAGTTCCTGTATCG-1	CD8+ Cytotoxic T
AAGTTCCTTGCGTA-1	CD8+/CD45RA+ Naive Cytotoxic
AAGTTCCTTGTAGC-1	CD8+/CD45RA+ Naive Cytotoxic
AATAACACAAACAG-1	CD8+ Cytotoxic T
AATAACACACACCA-1	CD4+/CD45RA+/CD25- Naive T
AATAACACATCTCT-1	CD8+ Cytotoxic T
AATAACACCAATCG-1	CD56+ NK
AATAACACCGTAGT-1	CD8+ Cytotoxic T
AATAACACCTAGTG-1	CD8+ Cytotoxic T
AATAACACGGACGA-1	CD19+ B
AATAACACGTGTTG-1	CD4+/CD25 T Reg
AATAAGCTAAACGA-1	CD8+/CD45RA+ Naive Cytotoxic
AATAAGCTATGTGC-1	CD19+ B
AATAAGCTGGGACA-1	CD8+ Cytotoxic T
AATAAGCTGTGTCA-1	CD4+/CD25 T Reg
AATAAGCTTCGTGA-1	CD8+ Cytotoxic T
AATAAGCTTTGAGC-1	CD14+ Monocyte
AATAAGCTTTTCAC-1	CD8+/CD45RA+ Naive Cytotoxic
AATAAGCTTTTGGG-1	CD8+/CD45RA+ Naive Cytotoxic
AATACCCTACCTAG-1	CD4+/CD45RO+ Memory
AATACCCTAGGTTC-1	CD8+ Cytotoxic T
AATACCCTCTAGCA-1	CD19+ B
AATACCCTCTCTCG-1	CD4+/CD45RO+ Memory
AATACCCTTCCTGC-1	CD4+/CD25 T Reg
AATACCCTTCCTTA-1	CD8+/CD45RA+ Naive Cytotoxic
AATACTGAAACCTG-1	CD19+ B
AATACTGAATTGGC-1	CD8+ Cytotoxic T
AATACTGACTCCCA-1	CD8+ Cytotoxic T
AATACTGACTGCTC-1	CD8+ Cytotoxic T
AATACTGAGTAAGA-1	CD8+/CD45RA+ Naive Cytotoxic
AATAGGGACCCACT-1	CD4+/CD25 T Reg
AATAGGGAGATGAA-1	CD19+ B
AATAGGGAGCGTTA-1	CD8+/CD45RA+ Naive Cytotoxic
AATAGGGATGACCA-1	CD8+ Cytotoxic T
AATAGGGATGCCAA-1	CD8+ Cytotoxic T
AATATCGACATCAG-1	CD4+/CD45RO+ Memory
AATATCGAGATACC-1	CD8+/CD45RA+ Naive Cytotoxic
AATATCGAGCTTCC-1	CD8+/CD45RA+ Naive Cytotoxic
AATATCGAGTCCTC-1	Dendritic
AATATCGAGTTCTT-1	CD8+ Cytotoxic T
AATATCGATTCACT-1	CD8+ Cytotoxic T
AATCAAACCCTATT-1	CD8+ Cytotoxic T
AATCAAACGCCAAT-1	CD4+/CD25 T Reg
AATCAAACGCGTTA-1	CD56+ NK
AATCAAACGGTGGA-1	CD8+ Cytotoxic T
AATCAAACGTCGTA-1	CD8+ Cytotoxic T
AATCAAACTCCTTA-1	CD8+ Cytotoxic T
AATCAAACTTCTTG-1	CD4+/CD45RO+ Memory
AATCAAACTTGTCT-1	CD8+/CD45RA+ Naive Cytotoxic
AATCCGGAAACGGG-1	CD8+ Cytotoxic T
AATCCGGAACACTG-1	CD4+/CD45RA+/CD25- Naive T
AATCCGGACGTAAC-1	CD8+ Cytotoxic T
AATCCGGACTACTT-1	CD8+/CD45RA+ Naive Cytotoxic
AATCCGGAGAGATA-1	Dendritic
AATCCGGAGCGTTA-1	CD56+ NK
AATCCGGAGGCAAG-1	CD8+ Cytotoxic T
AATCCGGATGAACC-1	CD4+/CD45RO+ Memory
AATCCTACAAAGTG-1	CD4+/CD25 T Reg
AATCCTACCACCAA-1	CD8+/CD45RA+ Naive Cytotoxic
AATCCTACGAGCTT-1	CD8+/CD45RA+ Naive Cytotoxic
AATCCTACGGTCTA-1	CD19+ B
AATCCTACTGAGCT-1	CD8+ Cytotoxic T
AATCCTACTGCACA-1	CD4+/CD45RO+ Memory
AATCCTACTTGGTG-1	CD8+/CD45RA+ Naive Cytotoxic
AATCCTTGAAAAGC-1	CD14+ Monocyte
AATCCTTGAAGATG-1	CD8+ Cytotoxic T
AATCCTTGACCCAA-1	CD8+/CD45RA+ Naive Cytotoxic
AATCCTTGTCGACA-1	Dendritic
AATCGGTGAAGCCT-1	CD8+ Cytotoxic T
AATCGGTGCCATGA-1	CD8+/CD45RA+ Naive Cytotoxic
AATCGGTGTCAGGT-1	CD8+ Cytotoxic T
AATCGGTGTCTCGC-1	CD4+/CD45RA+/CD25- Naive T
AATCGGTGTGAGCT-1	Dendritic
AATCGGTGTGTAGC-1	CD8+ Cytotoxic T
AATCTAGAAAAAGC-1	CD4+/CD45RO+ Memory
AATCTAGACTCCCA-1	CD8+ Cytotoxic T
AATCTAGACTGAGT-1	CD14+ Monocyte
AATCTAGAGACGTT-1	CD8+/CD45RA+ Naive Cytotoxic
AATCTAGAGGGCAA-1	CD8+/CD45RA+ Naive Cytotoxic
AATCTCACATTGGC-1	CD8+/CD45RA+ Naive Cytotoxic
AATCTCACGTTGGT-1	CD4+/CD45RO+ Memory
AATCTCACTTCCGC-1	CD4+/CD25 T Reg
AATCTCACTTTGCT-1	CD4+/CD25 T Reg
AATCTCTGGCAGAG-1	CD56+ NK
AATCTCTGGTGCAT-1	CD8+ Cytotoxic T
AATCTCTGTGAGCT-1	CD14+ Monocyte
AATCTCTGTGCTCC-1	CD8+/CD45RA+ Naive Cytotoxic
AATGAGGAATTCGG-1	CD8+ Cytotoxic T
AATGAGGACCGTTC-1	CD4+/CD25 T Reg
AATGAGGACGTGTA-1	CD8+/CD45RA+ Naive Cytotoxic
AATGAGGACGTTGA-1	CD8+/CD45RA+ Naive Cytotoxic
AATGAGGACTCCAC-1	CD19+ B
AATGAGGAGTAGGG-1	CD4+/CD45RO+ Memory
AATGAGGATTGCAG-1	CD4+/CD25 T Reg
AATGATACAGAAGT-1	CD8+/CD45RA+ Naive Cytotoxic
AATGATACCGTGAT-1	CD56+ NK
AATGATACGACGGA-1	CD56+ NK
AATGATACGCTTAG-1	CD8+ Cytotoxic T
AATGATACTAACCG-1	CD4+/CD25 T Reg
AATGATACTCACGA-1	CD8+ Cytotoxic T
AATGATACTGTCCC-1	CD56+ NK
AATGATACTGTTTC-1	CD8+/CD45RA+ Naive Cytotoxic
AATGCGTGCTGATG-1	CD8+ Cytotoxic T
AATGCGTGGCCCTT-1	CD4+/CD45RO+ Memory
AATGCGTGTCGCAA-1	CD8+ Cytotoxic T
AATGCGTGTGGTCA-1	CD8+ Cytotoxic T
AATGGAGAATCGTG-1	CD8+/CD45RA+ Naive Cytotoxic
AATGGAGAGTTGTG-1	CD4+/CD25 T Reg
AATGGAGATCAAGC-1	CD4+/CD45RA+/CD25- Naive T
AATGGCTGAAGCAA-1	CD56+ NK
AATGGCTGCGTACA-1	CD14+ Monocyte
AATGGCTGCTTCGC-1	CD56+ NK
AATGGCTGGCGTAT-1	CD14+ Monocyte
AATGGCTGGTGCAT-1	CD8+ Cytotoxic T
AATGGCTGTACTTC-1	CD8+ Cytotoxic T
AATGTAACACCGAT-1	CD4+/CD25 T Reg
AATGTAACCACACA-1	CD8+ Cytotoxic T
AATGTAACCTAAGC-1	CD8+ Cytotoxic T
AATGTAACCTTATC-1	CD8+ Cytotoxic T
AATGTAACGAGACG-1	CD8+/CD45RA+ Naive Cytotoxic
AATGTAACGATGAA-1	CD4+/CD45RA+/CD25- Naive T
AATGTAACGCCCTT-1	CD8+ Cytotoxic T
AATGTCCTACCTAG-1	CD8+/CD45RA+ Naive Cytotoxic
AATGTCCTAGATCC-1	CD4+/CD45RO+ Memory
AATGTCCTAGCGGA-1	CD4+/CD45RO+ Memory
AATGTCCTTCTCTA-1	CD8+/CD45RA+ Naive Cytotoxic
AATGTTGAACCTCC-1	CD19+ B
AATGTTGAAGGTTC-1	CD56+ NK
AATGTTGACAGATC-1	CD8+ Cytotoxic T
AATGTTGACTACTT-1	CD14+ Monocyte
AATTACGACACTCC-1	CD8+ Cytotoxic T
AATTACGACTCCCA-1	CD8+ Cytotoxic T
AATTACGAGGAGCA-1	CD56+ NK
AATTACGATTTCAC-1	CD8+ Cytotoxic T
AATTCCTGGAGCAG-1	CD8+ Cytotoxic T
AATTCCTGGGTGTT-1	CD8+ Cytotoxic T
AATTCCTGTTCTCA-1	CD14+ Monocyte
AATTGATGAGCACT-1	CD8+/CD45RA+ Naive Cytotoxic
AATTGATGCCTTCG-1	CD14+ Monocyte
AATTGATGCGCAAT-1	CD8+ Cytotoxic T
AATTGATGGGAGTG-1	CD8+ Cytotoxic T
AATTGTGAACACAC-1	CD8+ Cytotoxic T
AATTGTGAAGAGGC-1	CD8+ Cytotoxic T
AATTGTGACTACGA-1	CD8+/CD45RA+ Naive Cytotoxic
AATTGTGATCGCAA-1	CD4+/CD25 T Reg
ACAAAGGACGCTAA-1	CD19+ B
ACAAAGGACTTCCG-1	CD56+ NK
ACAAAGGAGGCATT-1	CD8+/CD45RA+ Naive Cytotoxic
ACAAAGGAGTATCG-1	CD8+/CD45RA+ Naive Cytotoxic
ACAAAGGATCCCGT-1	CD8+ Cytotoxic T
ACAAAGGATCTGGA-1	CD8+/CD45RA+ Naive Cytotoxic
ACAAATTGAAACAG-1	CD14+ Monocyte
ACAAATTGACGGTT-1	CD8+/CD45RA+ Naive Cytotoxic
ACAAATTGAGTCAC-1	CD8+/CD45RA+ Naive Cytotoxic
ACAAATTGCAAGCT-1	CD8+ Cytotoxic T
ACAAATTGCCATAG-1	CD8+ Cytotoxic T
ACAAATTGGGTCAT-1	CD8+/CD45RA+ Naive Cytotoxic
ACAAATTGTCTCAT-1	CD56+ NK
ACAACCGAACCTCC-1	CD8+ Cytotoxic T
ACAACCGAGAATGA-1	CD8+/CD45RA+ Naive Cytotoxic
ACAACCGATACGAC-1	CD56+ NK
ACAACCGATAGCGT-1	CD19+ B
ACAAGAGAAAGTGA-1	CD4+/CD25 T Reg
ACAAGAGAAGATCC-1	CD4+/CD25 T Reg
ACAAGAGAAGTACC-1	CD8+/CD45RA+ Naive Cytotoxic
ACAAGAGACATCAG-1	CD8+ Cytotoxic T
ACAAGAGACTGACA-1	CD8+/CD45RA+ Naive Cytotoxic
ACAAGAGAGATACC-1	CD8+ Cytotoxic T
ACAAGAGATAAAGG-1	CD56+ NK
ACAAGAGATATCGG-1	CD19+ B
ACAAGCACAGGTTC-1	CD56+ NK
ACAAGCACCAGAAA-1	CD8+ Cytotoxic T
ACAAGCACGTATGC-1	CD19+ B
ACAAGCACTCACCC-1	Dendritic
ACAAGCACTCGCAA-1	CD8+ Cytotoxic T
ACAAGCACTGCAAC-1	CD4+/CD25 T Reg
ACAATAACCGATAC-1	CD19+ B
ACAATAACCGCATA-1	CD56+ NK
ACAATAACCTCAGA-1	CD8+/CD45RA+ Naive Cytotoxic
ACAATAACGGGACA-1	CD14+ Monocyte
ACAATAACTAAGGA-1	CD56+ NK
ACAATAACTCTCTA-1	CD8+/CD45RA+ Naive Cytotoxic
ACAATAACTCTTAC-1	CD4+/CD45RO+ Memory
ACAATCCTAAAGCA-1	CD19+ B
ACAATCCTAAGAGT-1	CD8+ Cytotoxic T
ACAATCCTACTCTT-1	CD56+ NK
ACAATCCTCACTTT-1	CD8+ Cytotoxic T
ACAATCCTCGAGAG-1	CD8+ Cytotoxic T
ACAATCCTGAGGAC-1	CD8+/CD45RA+ Naive Cytotoxic
ACAATCCTGATGAA-1	CD8+ Cytotoxic T
ACAATCCTGCTGAT-1	Dendritic
ACAATCCTGTGTAC-1	CD19+ B
ACAATCCTGTTCGA-1	CD8+ Cytotoxic T
ACAATCCTTAAGCC-1	CD8+ Cytotoxic T
ACAATCCTTCAGTG-1	Dendritic
ACAATTGAAAGATG-1	CD56+ NK
ACAATTGACCGATA-1	CD8+ Cytotoxic T
ACAATTGACCTAAG-1	CD8+/CD45RA+ Naive Cytotoxic
ACAATTGACTCCCA-1	CD8+/CD45RA+ Naive Cytotoxic
ACAATTGAGTGCTA-1	CD19+ B
ACAATTGATAGAGA-1	CD4+/CD45RO+ Memory
ACAATTGATCTATC-1	CD8+/CD45RA+ Naive Cytotoxic
ACAATTGATGGATC-1	CD19+ B
ACAATTGATTTACC-1	CD8+/CD45RA+ Naive Cytotoxic
ACACAGACAAGGGC-1	CD8+/CD45RA+ Naive Cytotoxic
ACACAGACCCGTAA-1	CD8+ Cytotoxic T
ACACAGACCGGTAT-1	CD4+/CD45RA+/CD25- Naive T
ACACAGACGACACT-1	CD8+ Cytotoxic T
ACACAGACGAGAGC-1	CD19+ B
ACACAGACTGGATC-1	CD8+ Cytotoxic T
ACACATCTACCGAT-1	CD8+ Cytotoxic T
ACACATCTAGAGTA-1	CD8+ Cytotoxic T
ACACATCTATACCG-1	CD8+ Cytotoxic T
ACACATCTCACACA-1	CD19+ B
ACACATCTCGGGAA-1	CD4+/CD45RA+/CD25- Naive T
ACACCAGAACCTTT-1	CD8+/CD45RA+ Naive Cytotoxic
ACACCAGACCATGA-1	CD19+ B
ACACCAGAGTAGCT-1	CD8+ Cytotoxic T
ACACCAGATGTAGC-1	Dendritic
ACACCAGATTGCTT-1	CD8+/CD45RA+ Naive Cytotoxic
ACACCAGATTGGTG-1	CD8+/CD45RA+ Naive Cytotoxic
ACACCCTGCTGACA-1	CD8+ Cytotoxic T
ACACCCTGGACGAG-1	CD8+/CD45RA+ Naive Cytotoxic
ACACCCTGGCATCA-1	CD8+ Cytotoxic T
ACACCCTGTGCACA-1	CD8+/CD45RA+ Naive Cytotoxic
ACACGAACGGAGTG-1	Dendritic
ACACGATGAAGCCT-1	CD4+/CD45RA+/CD25- Naive T
ACACGATGGACTAC-1	CD4+/CD25 T Reg
ACACGATGTACTCT-1	CD8+/CD45RA+ Naive Cytotoxic
ACACGATGTCTTTG-1	CD8+/CD45RA+ Naive Cytotoxic
ACACGATGTGGTAC-1	CD8+/CD45RA+ Naive Cytotoxic
ACACGTGAACACAC-1	CD19+ B
ACACGTGACCCACT-1	CD56+ NK
ACACGTGAGCTACA-1	CD4+/CD25 T Reg
ACACGTGATCCTTA-1	CD14+ Monocyte
ACAGACACAAAGCA-1	CD8+ Cytotoxic T
ACAGACACAGAGTA-1	CD8+ Cytotoxic T
ACAGACACATTGGC-1	CD8+ Cytotoxic T
ACAGACACCGACTA-1	CD8+/CD45RA+ Naive Cytotoxic
ACAGACACGCCAAT-1	CD8+/CD45RA+ Naive Cytotoxic
ACAGACACTCGCAA-1	CD8+ Cytotoxic T
ACAGACACTGAACC-1	CD19+ B
ACAGCAACATCACG-1	CD8+ Cytotoxic T
ACAGCAACCCTTAT-1	CD56+ NK
ACAGCAACCGCATA-1	CD8+ Cytotoxic T
ACAGCAACGAACTC-1	CD8+/CD45RA+ Naive Cytotoxic
ACAGCAACGGTAAA-1	CD19+ B
ACAGCAACGTGCTA-1	CD8+/CD45RA+ Naive Cytotoxic
ACAGGTACAAGGCG-1	CD8+ Cytotoxic T
ACAGGTACACGGGA-1	CD8+ Cytotoxic T
ACAGGTACAGCCTA-1	CD4+/CD45RA+/CD25- Naive T
ACAGGTACGAGGTG-1	CD4+/CD45RA+/CD25- Naive T
ACAGGTACGTTGGT-1	CD4+/CD25 T Reg
ACAGTCGAATTTCC-1	CD4+/CD45RA+/CD25- Naive T
ACAGTCGACCATAG-1	CD8+/CD45RA+ Naive Cytotoxic
ACAGTCGACTAGAC-1	CD8+ Cytotoxic T
ACAGTCGAGTGAGG-1	CD8+ Cytotoxic T
ACAGTCGATGACCA-1	CD8+ Cytotoxic T
ACAGTCGATGTTTC-1	CD8+ Cytotoxic T
ACAGTGACATGGTC-1	CD56+ NK
ACAGTGACGCTGTA-1	CD19+ B
ACAGTGACTACTTC-1	CD56+ NK
ACAGTGACTCCCGT-1	CD8+/CD45RA+ Naive Cytotoxic
ACAGTGTGCATGAC-1	CD8+/CD45RA+ Naive Cytotoxic
ACAGTGTGGATAAG-1	CD4+/CD25 T Reg
ACAGTGTGGATAGA-1	CD8+ Cytotoxic T
ACAGTGTGTGGGAG-1	CD56+ NK
ACAGTGTGTTCACT-1	CD4+/CD45RA+/CD25- Naive T
ACAGTGTGTTGCTT-1	CD8+ Cytotoxic T
ACAGTTCTAAGAGT-1	CD8+ Cytotoxic T
ACAGTTCTACCACA-1	CD8+ Cytotoxic T
ACAGTTCTAGTCGT-1	CD8+/CD45RA+ Naive Cytotoxic
ACAGTTCTATGTGC-1	CD19+ B
ACAGTTCTGTTGGT-1	CD8+ Cytotoxic T
ACAGTTCTTAGCCA-1	CD19+ B
ACAGTTCTTAGCGT-1	CD56+ NK
ACAGTTCTTCGATG-1	CD8+ Cytotoxic T
ACAGTTCTTGAGGG-1	CD8+/CD45RA+ Naive Cytotoxic
ACAGTTCTTTCTCA-1	CD8+ Cytotoxic T
ACATACCTGGTTTG-1	CD56+ NK
ACATACCTGTGTAC-1	CD56+ NK
ACATACCTTGTAGC-1	CD8+/CD45RA+ Naive Cytotoxic
ACATCACTGAGGTG-1	CD8+ Cytotoxic T
ACATCACTGTAGCT-1	CD4+/CD45RA+/CD25- Naive T
ACATCACTTGACAC-1	CD56+ NK
ACATCACTTGGATC-1	CD8+/CD45RA+ Naive Cytotoxic
ACATCACTTTGCAG-1	CD8+ Cytotoxic T
ACATGGTGAAGAGT-1	CD8+ Cytotoxic T
ACATGGTGAGTAGA-1	CD19+ B
ACATGGTGGCCCTT-1	CD8+ Cytotoxic T
ACATTCTGAACAGA-1	CD8+/CD45RA+ Naive Cytotoxic
ACATTCTGACTACG-1	Dendritic
ACATTCTGGGAGCA-1	CD8+ Cytotoxic T
ACATTCTGTTTGTC-1	Dendritic
ACCAACGAATACCG-1	CD8+ Cytotoxic T
ACCAACGACACTCC-1	CD8+/CD45RA+ Naive Cytotoxic
ACCAACGACCTGTC-1	CD19+ B
ACCAACGACGAACT-1	CD8+ Cytotoxic T
ACCAACGACGAATC-1	CD8+ Cytotoxic T
ACCAACGACGCCTT-1	CD8+ Cytotoxic T
ACCAACGAGCGATT-1	CD8+/CD45RA+ Naive Cytotoxic
ACCAACGAGCTATG-1	CD19+ B
ACCAACGAGCTTCC-1	CD8+ Cytotoxic T
ACCAACGATAAGGA-1	CD56+ NK
ACCACAGAAGAGTA-1	CD4+/CD25 T Reg
ACCACAGATACTCT-1	CD8+/CD45RA+ Naive Cytotoxic
ACCACAGATGAACC-1	CD8+ Cytotoxic T
ACCACAGATGGAGG-1	CD8+/CD45RA+ Naive Cytotoxic
ACCACCTGAGGTTC-1	CD19+ B
ACCACCTGCTGACA-1	CD4+/CD25 T Reg
ACCACCTGCTGTAG-1	CD19+ B
ACCACCTGGCTGTA-1	CD8+ Cytotoxic T
ACCACCTGGGGACA-1	CD8+/CD45RA+ Naive Cytotoxic
ACCACCTGTAAAGG-1	CD19+ B
ACCACCTGTAGACC-1	CD8+ Cytotoxic T
ACCACGCTACAGTC-1	CD8+/CD45RA+ Naive Cytotoxic
ACCACGCTACCTAG-1	CD14+ Monocyte
ACCACGCTATTCGG-1	CD8+ Cytotoxic T
ACCACGCTCACAAC-1	CD4+/CD25 T Reg
ACCACGCTCTGATG-1	CD4+/CD25 T Reg
ACCACGCTCTGGAT-1	CD8+/CD45RA+ Naive Cytotoxic
ACCACGCTGTCTTT-1	CD8+/CD45RA+ Naive Cytotoxic
ACCACGCTTGAGCT-1	CD8+ Cytotoxic T
ACCAGCCTACCGAT-1	CD4+/CD25 T Reg
ACCAGCCTCGAACT-1	CD8+/CD45RA+ Naive Cytotoxic
ACCAGCCTGAATGA-1	CD8+/CD45RA+ Naive Cytotoxic
ACCAGCCTGAGGCA-1	CD8+ Cytotoxic T
ACCAGCCTTAAGGA-1	CD56+ NK
ACCAGCCTTCTTCA-1	CD8+/CD45RA+ Naive Cytotoxic
ACCAGTGAAGATCC-1	CD8+ Cytotoxic T
ACCAGTGAATTCTC-1	CD4+/CD25 T Reg
ACCAGTGACAGATC-1	CD8+ Cytotoxic T
ACCAGTGACTTAGG-1	CD8+ Cytotoxic T
ACCAGTGAGAAGGC-1	CD8+/CD45RA+ Naive Cytotoxic
ACCAGTGAGGTTAC-1	CD8+/CD45RA+ Naive Cytotoxic
ACCAGTGATACTGG-1	CD8+/CD45RA+ Naive Cytotoxic
ACCAGTGATATTCC-1	CD19+ B
ACCAGTGATCCCAC-1	CD19+ B
ACCAGTGATCTGGA-1	CD8+ Cytotoxic T
ACCATTACAGTAGA-1	CD19+ B
ACCATTACCACACA-1	CD8+ Cytotoxic T
ACCATTACGTACAC-1	CD19+ B
ACCATTTGACCTTT-1	CD8+/CD45RA+ Naive Cytotoxic
ACCATTTGCGCTAA-1	CD8+ Cytotoxic T
ACCATTTGGAATCC-1	CD8+ Cytotoxic T
ACCATTTGGGAAGC-1	CD4+/CD25 T Reg
ACCATTTGGGTACT-1	CD8+ Cytotoxic T
ACCATTTGTTACCT-1	Dendritic
ACCATTTGTTGACG-1	CD8+/CD45RA+ Naive Cytotoxic
ACCATTTGTTGCTT-1	CD8+ Cytotoxic T
ACCCAAGAAACCTG-1	CD56+ NK
ACCCAAGAAAGGTA-1	CD8+/CD45RA+ Naive Cytotoxic
ACCCAAGAACACAC-1	CD4+/CD45RA+/CD25- Naive T
ACCCAAGACCGAAT-1	CD56+ NK
ACCCAAGAGCAGAG-1	CD14+ Monocyte
ACCCAAGAGCTATG-1	CD19+ B
ACCCAAGAGTCGAT-1	CD8+ Cytotoxic T
ACCCAAGAGTTTCT-1	CD14+ Monocyte
ACCCAAGATTTCGT-1	CD8+ Cytotoxic T
ACCCACTGTTTGGG-1	CD56+ NK
ACCCAGCTACCTTT-1	CD8+/CD45RA+ Naive Cytotoxic
ACCCAGCTATTGGC-1	CD56+ NK
ACCCAGCTCGCATA-1	CD8+/CD45RA+ Naive Cytotoxic
ACCCAGCTCTCCCA-1	CD8+/CD45RA+ Naive Cytotoxic
ACCCAGCTCTTCCG-1	CD4+/CD25 T Reg
ACCCAGCTGTTGTG-1	Dendritic
ACCCAGCTTCTTCA-1	CD56+ NK
ACCCGTACAAAGTG-1	CD8+/CD45RA+ Naive Cytotoxic
ACCCGTACCCACCT-1	Dendritic
ACCCGTACCGCCTT-1	CD8+ Cytotoxic T
ACCCGTACGAACTC-1	CD19+ B
ACCCGTACGCATCA-1	CD56+ NK
ACCCGTACTAGCGT-1	CD56+ NK
ACCCGTTGAGCTAC-1	CD19+ B
ACCCGTTGCAGAGG-1	CD8+ Cytotoxic T
ACCCGTTGCGCTAA-1	CD19+ B
ACCCGTTGCGGGAA-1	Dendritic
ACCCGTTGCGGTAT-1	CD19+ B
ACCCGTTGCTGTCC-1	CD8+ Cytotoxic T
ACCCGTTGGCATCA-1	CD4+/CD25 T Reg
ACCCGTTGGGTCAT-1	CD8+ Cytotoxic T
ACCCTCGAACGGAG-1	CD14+ Monocyte
ACCCTCGACCCACT-1	CD19+ B
ACCCTCGACTGAAC-1	CD8+ Cytotoxic T
ACCCTCGAGCTTCC-1	CD8+ Cytotoxic T
ACCCTCGAGGTAAA-1	CD4+/CD25 T Reg
ACCCTCGAGTGAGG-1	Dendritic
ACCCTCGATGGTAC-1	CD8+/CD45RA+ Naive Cytotoxic
ACCGAAACCAACCA-1	CD8+/CD45RA+ Naive Cytotoxic
ACCGAAACGGACGA-1	CD8+ Cytotoxic T
ACCGAAACTGCTCC-1	CD8+/CD45RA+ Naive Cytotoxic
ACCGAAACTTGCTT-1	CD8+/CD45RA+ Naive Cytotoxic
ACCGCGGAAACCAC-1	CD19+ B
ACCGTGCTAACTGC-1	CD8+ Cytotoxic T
ACCGTGCTCATGGT-1	CD8+/CD45RA+ Naive Cytotoxic
ACCGTGCTCCCTTG-1	CD4+/CD45RA+/CD25- Naive T
ACCGTGCTTGCTCC-1	CD4+/CD25 T Reg
ACCGTGCTTGTGCA-1	CD8+/CD45RA+ Naive Cytotoxic
ACCGTGCTTTCTAC-1	CD8+/CD45RA+ Naive Cytotoxic
ACCTATTGAAAACG-1	CD8+ Cytotoxic T
ACCTATTGCCTGTC-1	CD8+ Cytotoxic T
ACCTATTGGAAACA-1	CD8+/CD45RA+ Naive Cytotoxic
ACCTATTGGAATCC-1	CD8+/CD45RA+ Naive Cytotoxic
ACCTATTGGTATGC-1	CD56+ NK
ACCTATTGGTCCTC-1	CD8+ Cytotoxic T
ACCTATTGTGTGCA-1	CD56+ NK
ACCTATTGTTTGGG-1	CD14+ Monocyte
ACCTCCGAATGACC-1	CD8+ Cytotoxic T
ACCTCCGACCAGTA-1	CD4+/CD45RA+/CD25- Naive T
ACCTCCGAGCGGAA-1	CD8+/CD45RA+ Naive Cytotoxic
ACCTCCGATTTGCT-1	CD14+ Monocyte
ACCTCGTGGCGGAA-1	CD8+ Cytotoxic T
ACCTCGTGGCTGAT-1	CD8+ Cytotoxic T
ACCTCGTGTTGCAG-1	CD8+/CD45RA+ Naive Cytotoxic
ACCTGAGACTGTTT-1	CD14+ Monocyte
ACCTGAGATGCCTC-1	CD19+ B
ACCTGGCTAAGGGC-1	CD8+ Cytotoxic T
ACCTGGCTCGTAGT-1	CD8+ Cytotoxic T
ACCTGGCTCTCGAA-1	CD4+/CD25 T Reg
ACCTGGCTCTGATG-1	CD56+ NK
ACCTGGCTGGAGTG-1	CD8+/CD45RA+ Naive Cytotoxic
ACCTGGCTTCCCAC-1	CD56+ NK
ACCTGGCTTGAAGA-1	CD8+/CD45RA+ Naive Cytotoxic
ACCTGGCTTGCTAG-1	CD8+/CD45RA+ Naive Cytotoxic
ACCTTTGAGAATAG-1	CD4+/CD25 T Reg
ACCTTTGATTCTCA-1	CD8+ Cytotoxic T
ACGAACACAACCGT-1	CD4+/CD45RO+ Memory
ACGAACACAGAGAT-1	CD14+ Monocyte
ACGAACACCCACCT-1	CD8+ Cytotoxic T
ACGAACACTGCCAA-1	CD8+/CD45RA+ Naive Cytotoxic
ACGAACTGCTGATG-1	CD14+ Monocyte
ACGAACTGGTCCTC-1	CD8+ Cytotoxic T
ACGAACTGTCCAAG-1	CD8+ Cytotoxic T
ACGAAGCTACCCAA-1	CD56+ NK
ACGAAGCTCCTTCG-1	CD4+/CD45RA+/CD25- Naive T
ACGAAGCTGAAACA-1	CD19+ B
ACGAAGCTTCGATG-1	CD8+/CD45RA+ Naive Cytotoxic
ACGACAACCTATGG-1	CD4+/CD45RO+ Memory
ACGACAACGGTGTT-1	CD4+/CD45RA+/CD25- Naive T
ACGACAACGTTTCT-1	CD8+/CD45RA+ Naive Cytotoxic
ACGACCCTCCTGTC-1	Dendritic
ACGACCCTCCTTCG-1	CD56+ NK
ACGACCCTGCATAC-1	CD4+/CD45RO+ Memory
ACGACCCTGGAAAT-1	CD19+ B
ACGACCCTTGAGCT-1	CD8+ Cytotoxic T
ACGAGGGAAACGGG-1	CD56+ NK
ACGAGGGAAGTCTG-1	CD8+ Cytotoxic T
ACGAGGGACTCTAT-1	CD8+/CD45RA+ Naive Cytotoxic
ACGAGGGAGGTACT-1	CD8+ Cytotoxic T
ACGAGGGAGTAAAG-1	CD4+/CD25 T Reg
ACGAGGGAGTCAAC-1	CD56+ NK
ACGAGGGATAGAAG-1	CD56+ NK
ACGAGGGATCGCCT-1	CD8+ Cytotoxic T
ACGAGGGATTTACC-1	CD8+/CD45RA+ Naive Cytotoxic
ACGAGTACCCTTAT-1	CD56+ NK
ACGAGTACCTGTCC-1	CD8+ Cytotoxic T
ACGAGTACGGTTAC-1	CD8+/CD45RA+ Naive Cytotoxic
ACGAGTACGTTTCT-1	CD19+ B
ACGAGTACTCTAGG-1	CD8+ Cytotoxic T
ACGAGTACTTCGTT-1	CD4+/CD45RA+/CD25- Naive T
ACGATCGAACGTAC-1	CD8+ Cytotoxic T
ACGATCGACATTTC-1	CD8+/CD45RA+ Naive Cytotoxic
ACGATCGACTTCTA-1	Dendritic
ACGATCGAGTATCG-1	CD4+/CD45RO+ Memory
ACGATGACAGATCC-1	CD8+ Cytotoxic T
ACGATGACCACTCC-1	CD8+ Cytotoxic T
ACGATGACGACTAC-1	CD8+ Cytotoxic T
ACGATGACGAGGGT-1	CD8+/CD45RA+ Naive Cytotoxic
ACGATGACGCCCTT-1	CD8+/CD45RA+ Naive Cytotoxic
ACGATGACGGTACT-1	CD8+/CD45RA+ Naive Cytotoxic
ACGATTCTCATGGT-1	CD8+ Cytotoxic T
ACGATTCTCCCTTG-1	CD14+ Monocyte
ACGATTCTCGTAAC-1	CD56+ NK
ACGATTCTGCATAC-1	CD56+ NK
ACGATTCTTCACGA-1	CD8+/CD45RA+ Naive Cytotoxic
ACGCAATGATACCG-1	CD4+/CD45RA+/CD25- Naive T
ACGCAATGCCGAAT-1	CD56+ NK
ACGCAATGGACAGG-1	CD56+ NK
ACGCAATGGGTGTT-1	CD4+/CD25 T Reg
ACGCAATGGTCGTA-1	CD8+ Cytotoxic T
ACGCAATGTAGACC-1	CD56+ NK
ACGCAATGTCAAGC-1	CD8+/CD45RA+ Naive Cytotoxic
ACGCAATGTCAGGT-1	CD8+ Cytotoxic T
ACGCAATGTGACCA-1	CD8+/CD45RA+ Naive Cytotoxic
ACGCACCTACCAAC-1	CD8+ Cytotoxic T
ACGCACCTATAAGG-1	CD4+/CD25 T Reg
ACGCACCTGCGAAG-1	CD4+/CD25 T Reg
ACGCACCTGTAGGG-1	CD8+ Cytotoxic T
ACGCACCTGTTGCA-1	CD8+/CD45RA+ Naive Cytotoxic
ACGCACCTTAAGCC-1	CD8+ Cytotoxic T
ACGCACCTTGCTTT-1	CD8+ Cytotoxic T
ACGCCACTATACCG-1	CD19+ B
ACGCCACTCCGTAA-1	CD19+ B
ACGCCACTCTTGCC-1	CD8+ Cytotoxic T
ACGCCACTGCCAAT-1	CD8+ Cytotoxic T
ACGCCACTGGTATC-1	CD4+/CD45RO+ Memory
ACGCCACTTCACGA-1	CD56+ NK
ACGCCACTTCTCTA-1	CD4+/CD45RO+ Memory
ACGCCACTTCTTAC-1	CD8+ Cytotoxic T
ACGCCGGAACTGTG-1	CD4+ T Helper2
ACGCCGGAAGATGA-1	CD19+ B
ACGCCGGAAGCGGA-1	CD56+ NK
ACGCCGGAAGTAGA-1	CD8+/CD45RA+ Naive Cytotoxic
ACGCCGGACGCTAA-1	CD56+ NK
ACGCCGGACGTCTC-1	CD8+ Cytotoxic T
ACGCCGGACTGTTT-1	CD4+/CD25 T Reg
ACGCCGGACTTAGG-1	CD8+/CD45RA+ Naive Cytotoxic
ACGCCGGAGCGTAT-1	CD56+ NK
ACGCCGGATGAGCT-1	CD8+/CD45RA+ Naive Cytotoxic
ACGCCTTGACGCAT-1	CD8+/CD45RA+ Naive Cytotoxic
ACGCCTTGCAGGAG-1	CD4+/CD25 T Reg
ACGCCTTGCTACGA-1	CD56+ NK
ACGCGGTGACCTTT-1	CD8+ Cytotoxic T
ACGCGGTGGGATTC-1	CD4+/CD45RA+/CD25- Naive T
ACGCGGTGGGTGAG-1	CD8+ Cytotoxic T
ACGCTCACACGGGA-1	CD8+ Cytotoxic T
ACGCTCACCATTGG-1	CD56+ NK
ACGCTCACCTGATG-1	CD8+ Cytotoxic T
ACGCTCACGACTAC-1	CD56+ NK
ACGCTCACTTCAGG-1	CD8+/CD45RA+ Naive Cytotoxic
ACGCTGCTAAGGGC-1	CD8+ Cytotoxic T
ACGCTGCTCGGGAA-1	CD8+/CD45RA+ Naive Cytotoxic
ACGCTGCTCTTAGG-1	CD8+/CD45RA+ Naive Cytotoxic
ACGCTGCTGCATCA-1	CD14+ Monocyte
ACGCTGCTGTCTAG-1	CD4+/CD45RO+ Memory
ACGCTGCTTCCTCG-1	CD8+/CD45RA+ Naive Cytotoxic
ACGCTGCTTCTCAT-1	CD8+/CD45RA+ Naive Cytotoxic
ACGCTGCTTCTGGA-1	CD56+ NK
ACGCTGCTTGACCA-1	CD8+ Cytotoxic T
ACGGAACTAGCACT-1	CD56+ NK
ACGGAACTCCTCGT-1	CD4+/CD25 T Reg
ACGGAACTCTTATC-1	CD56+ NK
ACGGAACTGATAGA-1	CD19+ B
ACGGAACTTCCTGC-1	CD8+ Cytotoxic T
ACGGAACTTCGACA-1	CD4+/CD45RA+/CD25- Naive T
ACGGAACTTCGTGA-1	CD19+ B
ACGGAACTTGTTTC-1	CD8+ Cytotoxic T
ACGGAGGAAGCCTA-1	CD14+ Monocyte
ACGGAGGAATCGTG-1	CD8+/CD45RA+ Naive Cytotoxic
ACGGAGGACCTCAC-1	CD8+ Cytotoxic T
ACGGAGGACGAATC-1	CD14+ Monocyte
ACGGAGGACTCAGA-1	CD8+/CD45RA+ Naive Cytotoxic
ACGGAGGAGCAGAG-1	CD8+ Cytotoxic T
ACGGAGGAGGACAG-1	CD56+ NK
ACGGATTGACGACT-1	CD8+/CD45RA+ Naive Cytotoxic
ACGGATTGCCCTAC-1	CD8+/CD45RA+ Naive Cytotoxic
ACGGATTGCTCAGA-1	CD8+/CD45RA+ Naive Cytotoxic
ACGGATTGCTTGAG-1	CD56+ NK
ACGGATTGTATCTC-1	CD8+ Cytotoxic T
ACGGATTGTCCTTA-1	CD8+ Cytotoxic T
ACGGATTGTCGATG-1	CD8+/CD45RA+ Naive Cytotoxic
ACGGATTGTGTCGA-1	CD8+/CD45RA+ Naive Cytotoxic
ACGGATTGTTGTGG-1	CD4+/CD25 T Reg
ACGGCGTGACCAAC-1	CD8+ Cytotoxic T
ACGGCGTGCGTACA-1	CD4+/CD45RO+ Memory
ACGGCGTGGTTACG-1	CD8+ Cytotoxic T
ACGGCGTGTACGAC-1	CD56+ NK
ACGGCTCTATCTCT-1	CD8+/CD45RA+ Naive Cytotoxic
ACGGCTCTCAGGAG-1	CD19+ B
ACGGCTCTGTGCAT-1	CD19+ B
ACGGCTCTTTTGTC-1	CD56+ NK
ACGGGAGAAGCCTA-1	CD8+/CD45RA+ Naive Cytotoxic
ACGGGAGACACACA-1	CD14+ Monocyte
ACGGGAGACATACG-1	CD8+/CD45RA+ Naive Cytotoxic
ACGGGAGAGGACAG-1	CD56+ NK
ACGGGAGAGTAGGG-1	CD4+/CD45RA+/CD25- Naive T
ACGGGAGATCACGA-1	CD8+/CD45RA+ Naive Cytotoxic
ACGGGAGATCTACT-1	CD8+ Cytotoxic T
ACGGGAGATGCACA-1	CD8+/CD45RA+ Naive Cytotoxic
ACGGTAACAAACAG-1	CD4+/CD25 T Reg
ACGGTAACACCTCC-1	CD19+ B
ACGGTAACACGGGA-1	CD8+/CD45RA+ Naive Cytotoxic
ACGGTAACCCCACT-1	CD19+ B
ACGGTAACCTGTGA-1	CD8+ Cytotoxic T
ACGGTAACGCATAC-1	CD8+/CD45RA+ Naive Cytotoxic
ACGGTAACGGAGGT-1	CD19+ B
ACGGTAACGGATCT-1	Dendritic
ACGGTAACGTTTGG-1	CD14+ Monocyte
ACGGTAACTCCAAG-1	CD8+ Cytotoxic T
ACGGTAACTCGTAG-1	CD8+ Cytotoxic T
ACGGTATGCGCAAT-1	Dendritic
ACGGTCCTAACGTC-1	CD8+ Cytotoxic T
ACGGTCCTTCCAAG-1	CD8+/CD45RA+ Naive Cytotoxic
ACGGTCCTTCGCTC-1	CD19+ B
ACGGTCCTTTCCCG-1	CD8+ Cytotoxic T
ACGTAGACACAGTC-1	CD8+ Cytotoxic T
ACGTAGACGAAACA-1	CD56+ NK
ACGTAGACTAAGGA-1	CD8+ Cytotoxic T
ACGTAGACTCTCGC-1	CD8+/CD45RA+ Naive Cytotoxic
ACGTAGACTTGCGA-1	CD56+ NK
ACGTAGACTTGGTG-1	CD4+/CD25 T Reg
ACGTAGACTTGTCT-1	CD8+ Cytotoxic T
ACGTCAGAAAAGCA-1	Dendritic
ACGTCAGAAAGCCT-1	CD19+ B
ACGTCAGAAGAGTA-1	CD14+ Monocyte
ACGTCAGACTCAAG-1	CD8+ Cytotoxic T
ACGTCAGAGAGGGT-1	CD14+ Monocyte
ACGTCAGAGTTCGA-1	CD8+/CD45RA+ Naive Cytotoxic
ACGTCAGAGTTGCA-1	CD8+ Cytotoxic T
ACGTCAGATAAGGA-1	CD8+ Cytotoxic T
ACGTCAGATAGACC-1	CD8+ Cytotoxic T
ACGTCAGATGCAAC-1	CD8+/CD45RA+ Naive Cytotoxic
ACGTCCTGACCTTT-1	Dendritic
ACGTCCTGGAGGGT-1	CD8+ Cytotoxic T
ACGTCCTGGGACAG-1	CD8+ Cytotoxic T
ACGTCCTGGGTGAG-1	CD56+ NK
ACGTCCTGGTTGCA-1	CD56+ NK
ACGTCCTGTGACTG-1	CD8+ Cytotoxic T
ACGTCGCTCAACTG-1	CD8+ Cytotoxic T
ACGTCGCTCGTGAT-1	CD4+/CD45RO+ Memory
ACGTCGCTGGACGA-1	CD8+ Cytotoxic T
ACGTCGCTGGGTGA-1	CD8+/CD45RA+ Naive Cytotoxic
ACGTCGCTGGTGTT-1	CD8+ Cytotoxic T
ACGTCGCTTATCGG-1	CD8+/CD45RA+ Naive Cytotoxic
ACGTCGCTTTCCGC-1	CD8+ Cytotoxic T
ACGTCGCTTTTCGT-1	CD19+ B
ACGTGATGACGACT-1	CD14+ Monocyte
ACGTGATGACGCAT-1	CD4+/CD25 T Reg
ACGTGATGCAACCA-1	CD14+ Monocyte
ACGTGATGCACTTT-1	CD8+/CD45RA+ Naive Cytotoxic
ACGTGATGTACTTC-1	CD8+/CD45RA+ Naive Cytotoxic
ACGTGATGTCTGGA-1	CD56+ NK
ACGTGCCTAACGTC-1	CD8+/CD45RA+ Naive Cytotoxic
ACGTGCCTCCACCT-1	CD8+/CD45RA+ Naive Cytotoxic
ACGTGCCTTGCAAC-1	CD56+ NK
ACGTTACTACCTTT-1	CD56+ NK
ACGTTACTCCTCCA-1	CD56+ NK
ACGTTACTCTACCC-1	CD8+ Cytotoxic T
ACGTTACTCTACTT-1	CD56+ NK
ACGTTACTGCCAAT-1	CD19+ B
ACGTTACTGTCGAT-1	CD4+/CD45RO+ Memory
ACGTTACTTTCGCC-1	CD8+ Cytotoxic T
ACGTTACTTTGTGG-1	CD8+ Cytotoxic T
ACGTTGGAACGGGA-1	CD56+ NK
ACGTTGGAACTTTC-1	CD19+ B
ACGTTGGAATGGTC-1	CD4+/CD25 T Reg
ACGTTGGATTCTCA-1	CD8+ Cytotoxic T
ACGTTGGATTTCGT-1	CD8+ Cytotoxic T
ACGTTTACAGCATC-1	CD4+/CD25 T Reg
ACGTTTACCTCTAT-1	CD56+ NK
ACGTTTACCTTAGG-1	CD56+ NK
ACGTTTACGCTGTA-1	CD8+/CD45RA+ Naive Cytotoxic
ACGTTTACTACTTC-1	CD56+ NK
ACGTTTACTCCCAC-1	CD4+/CD25 T Reg
ACTAAAACAAGGGC-1	CD14+ Monocyte
ACTAAAACAGAGAT-1	CD4+/CD25 T Reg
ACTAAAACCAGTCA-1	CD19+ B
ACTAAAACCCTCAC-1	CD19+ B
ACTAAAACCTGCTC-1	CD8+ Cytotoxic T
ACTAAAACCTTATC-1	CD8+ Cytotoxic T
ACTAAAACGCGGAA-1	CD8+/CD45RA+ Naive Cytotoxic
ACTAAAACGGCATT-1	CD56+ NK
ACTAAAACTCGCAA-1	CD8+ Cytotoxic T
ACTAAAACTGAACC-1	CD56+ NK
ACTACGGAACACCA-1	CD8+/CD45RA+ Naive Cytotoxic
ACTACGGAAGCGTT-1	CD14+ Monocyte
ACTACGGACACTGA-1	CD4+/CD45RA+/CD25- Naive T
ACTACGGACGCTAA-1	CD8+ Cytotoxic T
ACTACGGACGGTAT-1	CD4+/CD25 T Reg
ACTACGGACGTTAG-1	CD4+/CD25 T Reg
ACTACGGACTCTTA-1	CD56+ NK
ACTACGGAGAGACG-1	CD8+ Cytotoxic T
ACTACGGAGGACTT-1	CD19+ B
ACTACGGATGCCTC-1	CD8+ Cytotoxic T
ACTACTACCCTTGC-1	Dendritic
ACTACTACCTCGAA-1	CD56+ NK
ACTACTACGTAAAG-1	CD8+/CD45RA+ Naive Cytotoxic
ACTACTACGTAGGG-1	CD8+ Cytotoxic T
ACTACTACTCCTTA-1	CD19+ B
ACTACTACTGAAGA-1	CD8+/CD45RA+ Naive Cytotoxic
ACTAGGTGAGACTC-1	CD19+ B
ACTAGGTGATTGGC-1	CD8+/CD45RA+ Naive Cytotoxic
ACTAGGTGCGTTAG-1	CD8+ Cytotoxic T
ACTAGGTGTCTGGA-1	CD56+ NK
ACTAGGTGTGCTAG-1	CD19+ B
ACTAGGTGTGGGAG-1	CD4+/CD25 T Reg
ACTATCACCGTACA-1	CD8+ Cytotoxic T
ACTCAGGAAGATCC-1	CD8+/CD45RA+ Naive Cytotoxic
ACTCAGGACACTTT-1	CD8+ Cytotoxic T
ACTCAGGACCGCTT-1	CD8+/CD45RA+ Naive Cytotoxic
ACTCAGGACGTGTA-1	CD8+ Cytotoxic T
ACTCAGGAGGACTT-1	CD56+ NK
ACTCAGGAGTACGT-1	CD56+ NK
ACTCCCGAAGAAGT-1	CD19+ B
ACTCCCGAAGCTAC-1	CD8+/CD45RA+ Naive Cytotoxic
ACTCCCGACTTACT-1	CD8+ Cytotoxic T
ACTCCCGACTTCTA-1	CD4+/CD45RO+ Memory
ACTCCCGAGTACGT-1	CD14+ Monocyte
ACTCCCGAGTCAAC-1	CD8+ Cytotoxic T
ACTCCCGATAGTCG-1	CD8+/CD45RA+ Naive Cytotoxic
ACTCCCGATGTGGT-1	CD8+ Cytotoxic T
ACTCCTCTACCAGT-1	CD8+ Cytotoxic T
ACTCCTCTACGGAG-1	CD8+ Cytotoxic T
ACTCCTCTACGTGT-1	CD8+ Cytotoxic T
ACTCCTCTACTACG-1	CD8+/CD45RA+ Naive Cytotoxic
ACTCCTCTCAACCA-1	CD34+
ACTCCTCTCGATAC-1	CD4+/CD45RO+ Memory
ACTCCTCTGCGTAT-1	CD8+ Cytotoxic T
ACTCCTCTTTCAGG-1	CD8+/CD45RA+ Naive Cytotoxic
ACTCGAGAAAGAAC-1	CD4+/CD25 T Reg
ACTCGAGAATGCCA-1	CD14+ Monocyte
ACTCGAGAGCAAGG-1	CD8+/CD45RA+ Naive Cytotoxic
ACTCGCACAACCGT-1	CD56+ NK
ACTCGCACCCAGTA-1	CD8+ Cytotoxic T
ACTCGCACGTATCG-1	CD4+/CD45RO+ Memory
ACTCTATGCCCAAA-1	CD8+ Cytotoxic T
ACTCTATGGCATAC-1	CD56+ NK
ACTCTATGGGGATG-1	Dendritic
ACTCTATGGTCGTA-1	CD8+/CD45RA+ Naive Cytotoxic
ACTCTATGTGTTTC-1	CD56+ NK
ACTCTATGTTGGCA-1	CD14+ Monocyte
ACTCTCCTACCATG-1	CD8+/CD45RA+ Naive Cytotoxic
ACTCTCCTAGTCAC-1	CD4+/CD25 T Reg
ACTCTCCTATGTCG-1	CD8+/CD45RA+ Naive Cytotoxic
ACTCTCCTCCTACC-1	CD8+ Cytotoxic T
ACTCTCCTGACAGG-1	CD8+ Cytotoxic T
ACTCTCCTGCTATG-1	CD14+ Monocyte
ACTCTCCTTATCTC-1	CD8+/CD45RA+ Naive Cytotoxic
ACTCTCCTTTCCAT-1	CD8+ Cytotoxic T
ACTCTCCTTTGCGA-1	CD56+ NK
ACTCTCCTTTTCAC-1	CD19+ B
ACTGAGACAACCGT-1	CD19+ B
ACTGAGACCATACG-1	CD14+ Monocyte
ACTGAGACGTATGC-1	CD8+ Cytotoxic T
ACTGAGACTCGTTT-1	CD8+/CD45RA+ Naive Cytotoxic
ACTGCCACAACCGT-1	CD4+/CD45RO+ Memory
ACTGCCACACCATG-1	CD8+/CD45RA+ Naive Cytotoxic
ACTGCCACCCCAAA-1	CD8+ Cytotoxic T
ACTGCCACGCTTCC-1	CD56+ NK
ACTGCCACGTATGC-1	CD14+ Monocyte
ACTGCCACTGTGCA-1	CD56+ NK
ACTGCCTGAAAACG-1	CD8+ Cytotoxic T
ACTGCCTGCCTAAG-1	CD8+ Cytotoxic T
ACTGCCTGCTCTTA-1	CD8+ Cytotoxic T
ACTGCCTGCTTTAC-1	CD4+/CD45RA+/CD25- Naive T
ACTGCCTGGTAGCT-1	CD8+/CD45RA+ Naive Cytotoxic
ACTGCCTGGTGAGG-1	CD56+ NK
ACTGCCTGTCGCAA-1	CD56+ NK
ACTGCCTGTCTCAT-1	CD19+ B
ACTGGCCTATCTTC-1	CD4+/CD45RO+ Memory
ACTGGCCTGATGAA-1	CD8+ Cytotoxic T
ACTGGCCTGGAACG-1	CD56+ NK
ACTGGCCTGGACGA-1	CD8+/CD45RA+ Naive Cytotoxic
ACTGGCCTTTCAGG-1	CD8+ Cytotoxic T
ACTGGCCTTTTCGT-1	CD8+ Cytotoxic T
ACTGGCCTTTTGGG-1	CD8+ Cytotoxic T
ACTGTGGAAAACAG-1	CD19+ B
ACTGTGGAAAGGGC-1	Dendritic
ACTGTGGAACCAAC-1	CD8+ Cytotoxic T
ACTGTGGAAGATGA-1	CD8+ Cytotoxic T
ACTGTGGAAGCACT-1	CD4+/CD25 T Reg
ACTGTGGAATGCCA-1	CD14+ Monocyte
ACTGTGGAATTGGC-1	CD8+/CD45RA+ Naive Cytotoxic
ACTGTGGACGTGAT-1	CD8+ Cytotoxic T
ACTGTGGAGTCGTA-1	CD14+ Monocyte
ACTGTGGAGTTGAC-1	CD19+ B
ACTGTGGATCAAGC-1	CD8+ Cytotoxic T
ACTGTGGATGCCCT-1	CD8+/CD45RA+ Naive Cytotoxic
ACTGTGGATGGAGG-1	CD19+ B
ACTGTGGATTGAGC-1	CD14+ Monocyte
ACTGTTACAAGAAC-1	CD14+ Monocyte
ACTGTTACAGCTAC-1	CD8+/CD45RA+ Naive Cytotoxic
ACTGTTACAGGTCT-1	CD4+/CD45RO+ Memory
ACTGTTACCCTTAT-1	CD8+/CD45RA+ Naive Cytotoxic
ACTGTTACGAATGA-1	CD8+ Cytotoxic T
ACTGTTACGCCATA-1	CD4+/CD25 T Reg
ACTGTTACGCGTTA-1	CD8+ Cytotoxic T
ACTGTTACGGGTGA-1	CD4+/CD45RO+ Memory
ACTGTTACTGGGAG-1	CD8+/CD45RA+ Naive Cytotoxic
ACTGTTACTGGTCA-1	CD8+ Cytotoxic T
ACTTAAGAACCTCC-1	CD8+/CD45RA+ Naive Cytotoxic
ACTTAAGAACGTAC-1	Dendritic
ACTTAAGACCCTAC-1	CD56+ NK
ACTTAAGACTTCTA-1	CD56+ NK
ACTTAAGATGAGCT-1	CD56+ NK
ACTTAAGATTTGTC-1	Dendritic
ACTTAGCTCGACTA-1	CD8+/CD45RA+ Naive Cytotoxic
ACTTAGCTCTCAGA-1	CD8+/CD45RA+ Naive Cytotoxic
ACTTAGCTTCTACT-1	CD8+/CD45RA+ Naive Cytotoxic
ACTTAGCTTTTACC-1	CD8+/CD45RA+ Naive Cytotoxic
ACTTCAACACAGCT-1	CD4+/CD25 T Reg
ACTTCAACACGCAT-1	CD4+/CD45RO+ Memory
ACTTCAACCGAGAG-1	CD19+ B
ACTTCAACCTTGAG-1	CD8+/CD45RA+ Naive Cytotoxic
ACTTCAACGCGTAT-1	CD4+/CD25 T Reg
ACTTCAACGGATTC-1	CD4+/CD25 T Reg
ACTTCAACTATGCG-1	CD19+ B
ACTTCAACTGCAGT-1	CD8+ Cytotoxic T
ACTTCCCTGAAAGT-1	CD8+ Cytotoxic T
ACTTCCCTGGAAGC-1	CD4+/CD45RO+ Memory
ACTTCCCTGTAAGA-1	CD8+/CD45RA+ Naive Cytotoxic
ACTTCCCTTACTTC-1	CD19+ B
ACTTCTGAAAAGTG-1	CD4+/CD45RO+ Memory
ACTTCTGAAACTGC-1	CD8+/CD45RA+ Naive Cytotoxic
ACTTCTGAATGTCG-1	CD8+ Cytotoxic T
ACTTCTGACAATCG-1	CD8+ Cytotoxic T
ACTTCTGAGAGGGT-1	CD8+ Cytotoxic T
ACTTCTGAGCGATT-1	CD8+/CD45RA+ Naive Cytotoxic
ACTTCTGAGGACAG-1	CD8+/CD45RA+ Naive Cytotoxic
ACTTCTGATGTTCT-1	CD19+ B
ACTTGACTGAGCAG-1	CD4+/CD25 T Reg
ACTTGACTGTCGAT-1	CD8+/CD45RA+ Naive Cytotoxic
ACTTGACTTCGACA-1	CD8+ Cytotoxic T
ACTTGGGAACCAGT-1	CD14+ Monocyte
ACTTGGGAAGAAGT-1	CD8+/CD45RA+ Naive Cytotoxic
ACTTGGGACCACCT-1	CD8+/CD45RA+ Naive Cytotoxic
ACTTGGGACCATAG-1	CD8+/CD45RA+ Naive Cytotoxic
ACTTGGGACCTATT-1	CD56+ NK
ACTTGTACGGTTCA-1	CD8+ Cytotoxic T
ACTTGTACTCCTCG-1	CD4+/CD25 T Reg
ACTTGTACTGCACA-1	CD4+/CD25 T Reg
ACTTGTACTGTCAG-1	CD14+ Monocyte
ACTTGTACTGTGCA-1	CD56+ NK
ACTTTGTGAAGATG-1	CD4+/CD45RO+ Memory
ACTTTGTGAGGTCT-1	CD8+/CD45RA+ Naive Cytotoxic
ACTTTGTGCCCTCA-1	CD8+/CD45RA+ Naive Cytotoxic
ACTTTGTGCGTTAG-1	CD8+ Cytotoxic T
ACTTTGTGTGGGAG-1	CD4+/CD45RO+ Memory
AGAAACGAAGAATG-1	CD8+ Cytotoxic T
AGAAACGAATCGAC-1	CD8+/CD45RA+ Naive Cytotoxic
AGAAACGAGTGCAT-1	CD8+ Cytotoxic T
AGAAACGATTACTC-1	CD19+ B
AGAAACGATTGTGG-1	CD8+ Cytotoxic T
AGAAAGTGAGTGTC-1	CD8+/CD45RA+ Naive Cytotoxic
AGAAAGTGGTCGTA-1	CD56+ NK
AGAAAGTGTAAGGA-1	CD14+ Monocyte
AGAAAGTGTCGTGA-1	CD56+ NK
AGAAAGTGTCTAGG-1	CD8+ Cytotoxic T
AGAAAGTGTCTATC-1	CD56+ NK
AGAAAGTGTGAACC-1	CD8+ Cytotoxic T
AGAACAGAGAGGCA-1	CD8+ Cytotoxic T
AGAACAGATCCAGA-1	CD19+ B
AGAACAGATCGTGA-1	CD4+/CD25 T Reg
AGAACAGATGGGAG-1	CD14+ Monocyte
AGAACGCTAGCCTA-1	CD8+ Cytotoxic T
AGAACGCTCCTTAT-1	CD56+ NK
AGAACGCTCGCAAT-1	CD8+/CD45RA+ Naive Cytotoxic
AGAACGCTCTCAGA-1	CD8+/CD45RA+ Naive Cytotoxic
AGAACGCTGTTCGA-1	CD8+ Cytotoxic T
AGAACGCTTAGAGA-1	CD8+/CD45RA+ Naive Cytotoxic
AGAACGCTTGTTTC-1	CD4+/CD25 T Reg
AGAAGATGACACTG-1	CD8+/CD45RA+ Naive Cytotoxic
AGAAGATGTTCGCC-1	CD8+ Cytotoxic T
AGAATACTACGGAG-1	CD8+ Cytotoxic T
AGAATACTCTACGA-1	CD4+/CD25 T Reg
AGAATACTCTAGCA-1	CD8+ Cytotoxic T
AGAATACTGCATAC-1	CD8+/CD45RA+ Naive Cytotoxic
AGAATACTGGCGAA-1	CD8+/CD45RA+ Naive Cytotoxic
AGAATGGAACCTGA-1	CD8+/CD45RA+ Naive Cytotoxic
AGAATGGATAACGC-1	CD4+/CD45RO+ Memory
AGAATGGATCGTGA-1	CD19+ B
AGAATTTGCAGAAA-1	CD8+/CD45RA+ Naive Cytotoxic
AGAATTTGGGAACG-1	CD19+ B
AGAATTTGGGTAAA-1	CD8+/CD45RA+ Naive Cytotoxic
AGAATTTGGTGTAC-1	CD14+ Monocyte
AGAATTTGTACTCT-1	CD14+ Monocyte
AGAATTTGTTGCTT-1	CD8+/CD45RA+ Naive Cytotoxic
AGACACACCTGATG-1	CD56+ NK
AGACACACGCAGAG-1	CD4+/CD45RA+/CD25- Naive T
AGACACACGGGACA-1	CD8+/CD45RA+ Naive Cytotoxic
AGACACACGGTTTG-1	CD4+/CD25 T Reg
AGACACTGAGAGAT-1	CD4+/CD45RO+ Memory
AGACACTGAGGGTG-1	CD8+ Cytotoxic T
AGACACTGGCGGAA-1	CD4+/CD45RO+ Memory
AGACCTGACGTACA-1	CD4+/CD45RO+ Memory
AGACCTGACTAAGC-1	CD8+ Cytotoxic T
AGACCTGACTATTC-1	CD8+/CD45RA+ Naive Cytotoxic
AGACCTGAGCCCTT-1	CD8+/CD45RA+ Naive Cytotoxic
AGACCTGAGTCTTT-1	CD56+ NK
AGACCTGAGTGAGG-1	CD8+/CD45RA+ Naive Cytotoxic
AGACCTGATATCTC-1	CD8+/CD45RA+ Naive Cytotoxic
AGACCTGATTCTAC-1	CD8+/CD45RA+ Naive Cytotoxic
AGACGTACAATCGC-1	CD4+/CD45RA+/CD25- Naive T
AGACGTACCCTCAC-1	CD8+/CD45RA+ Naive Cytotoxic
AGACGTACGCATAC-1	CD8+/CD45RA+ Naive Cytotoxic
AGACGTACGGACAG-1	CD8+ Cytotoxic T
AGACGTACTCGATG-1	CD56+ NK
AGACTCGAAATGCC-1	CD8+/CD45RA+ Naive Cytotoxic
AGACTCGAACGTAC-1	CD8+ Cytotoxic T
AGACTCGAAGAGAT-1	CD19+ B
AGACTCGAGTCACA-1	CD8+ Cytotoxic T
AGACTCGATCTCCG-1	Dendritic
AGACTGACAACCGT-1	CD8+/CD45RA+ Naive Cytotoxic
AGACTGACAAGATG-1	CD8+ Cytotoxic T
AGACTGACAAGTGA-1	CD8+ Cytotoxic T
AGACTGACCACTCC-1	CD8+/CD45RA+ Naive Cytotoxic
AGACTGACCTGCTC-1	CD8+/CD45RA+ Naive Cytotoxic
AGACTGACTCCGTC-1	CD14+ Monocyte
AGACTGACTTTGCT-1	CD8+ Cytotoxic T
AGACTTCTCCTAAG-1	CD56+ NK
AGACTTCTCCTTTA-1	CD8+/CD45RA+ Naive Cytotoxic
AGACTTCTCTGAAC-1	CD8+/CD45RA+ Naive Cytotoxic
AGACTTCTCTGACA-1	CD8+ Cytotoxic T
AGACTTCTGACAGG-1	CD19+ B
AGACTTCTGGACAG-1	CD4+/CD25 T Reg
AGACTTCTTCCCAC-1	CD4+/CD45RA+/CD25- Naive T
AGACTTCTTTCCCG-1	CD56+ NK
AGACTTCTTTGCGA-1	CD8+/CD45RA+ Naive Cytotoxic
AGAGAAACAGAGAT-1	CD8+ Cytotoxic T
AGAGAAACAGGTTC-1	CD4+/CD45RO+ Memory
AGAGAAACAGTGTC-1	CD4+/CD45RO+ Memory
AGAGAAACCAGAAA-1	CD8+/CD45RA+ Naive Cytotoxic
AGAGAAACGACAGG-1	CD56+ NK
AGAGAAACTATGGC-1	CD8+/CD45RA+ Naive Cytotoxic
AGAGAAACTGTCTT-1	CD56+ NK
AGAGAAACTTTCTG-1	CD56+ NK
AGAGAATGAAGTAG-1	CD56+ NK
AGAGAATGAGGTTC-1	CD19+ B
AGAGAATGGTCGAT-1	CD8+ Cytotoxic T
AGAGAATGTTCTAC-1	CD8+ Cytotoxic T
AGAGATGAAAGTGA-1	CD4+/CD45RO+ Memory
AGAGATGAACCTCC-1	CD4+/CD45RO+ Memory
AGAGATGAACTGTG-1	CD4+/CD25 T Reg
AGAGATGAATTCTC-1	CD8+ Cytotoxic T
AGAGATGAGCTTCC-1	CD4+/CD45RA+/CD25- Naive T
AGAGATGAGGACGA-1	CD4+/CD45RO+ Memory
AGAGATGATCTATC-1	CD4+/CD25 T Reg
AGAGATGATCTGGA-1	CD4+/CD25 T Reg
AGAGATGATGAACC-1	CD8+ Cytotoxic T
AGAGATGATGTTTC-1	CD8+ Cytotoxic T
AGAGCGGAAGGTCT-1	CD8+/CD45RA+ Naive Cytotoxic
AGAGCGGAATAAGG-1	CD4+/CD45RA+/CD25- Naive T
AGAGCGGAATGCCA-1	CD8+/CD45RA+ Naive Cytotoxic
AGAGCGGACCTATT-1	Dendritic
AGAGCTACAAACGA-1	CD8+ Cytotoxic T
AGAGCTACAACTGC-1	CD8+/CD45RA+ Naive Cytotoxic
AGAGCTACAGATCC-1	CD8+ Cytotoxic T
AGAGCTACGGGTGA-1	CD8+/CD45RA+ Naive Cytotoxic
AGAGCTACGTGTTG-1	CD14+ Monocyte
AGAGCTACTCCTAT-1	CD8+ Cytotoxic T
AGAGCTACTGAACC-1	CD56+ NK
AGAGCTACTGGAAA-1	CD4+/CD25 T Reg
AGAGGTCTAAAGTG-1	CD19+ B
AGAGGTCTACCATG-1	CD19+ B
AGAGGTCTCCAATG-1	CD56+ NK
AGAGGTCTCCGATA-1	CD8+/CD45RA+ Naive Cytotoxic
AGAGGTCTCCTCCA-1	CD8+/CD45RA+ Naive Cytotoxic
AGAGGTCTGTTTGG-1	CD8+/CD45RA+ Naive Cytotoxic
AGAGGTCTTCTTAC-1	CD56+ NK
AGAGTCACACTCAG-1	CD4+/CD25 T Reg
AGAGTCACGCGGAA-1	CD8+/CD45RA+ Naive Cytotoxic
AGAGTCACGCTAAC-1	CD4+/CD45RO+ Memory
AGAGTCACGGTCTA-1	CD8+/CD45RA+ Naive Cytotoxic
AGAGTCACGTTCGA-1	CD19+ B
AGAGTCACTAGCCA-1	CD8+/CD45RA+ Naive Cytotoxic
AGAGTCACTGCATG-1	CD8+ Cytotoxic T
AGAGTCACTTGCTT-1	CD8+ Cytotoxic T
AGAGTCACTTTCGT-1	CD8+/CD45RA+ Naive Cytotoxic
AGAGTCTGAGAAGT-1	CD56+ NK
AGAGTCTGATCGTG-1	CD8+ Cytotoxic T
AGAGTCTGCATTGG-1	CD56+ NK
AGAGTCTGCCATAG-1	CD4+/CD25 T Reg
AGAGTCTGCTTACT-1	CD8+/CD45RA+ Naive Cytotoxic
AGAGTCTGGTAAAG-1	CD8+ Cytotoxic T
AGAGTGCTAACAGA-1	CD8+ Cytotoxic T
AGAGTGCTAGGAGC-1	CD8+ Cytotoxic T
AGAGTGCTATGTCG-1	CD8+ Cytotoxic T
AGAGTGCTCGTACA-1	CD8+/CD45RA+ Naive Cytotoxic
AGAGTGCTCTGTGA-1	CD56+ NK
AGAGTGCTGCAGTT-1	CD19+ B
AGAGTGCTTCTCTA-1	CD19+ B
AGAGTGCTTTTCTG-1	Dendritic
AGATATACACCTGA-1	CD56+ NK
AGATATACCGTGAT-1	CD8+/CD45RA+ Naive Cytotoxic
AGATATACCTCAAG-1	CD8+/CD45RA+ Naive Cytotoxic
AGATATACCTGACA-1	CD8+/CD45RA+ Naive Cytotoxic
AGATATACGGCATT-1	CD8+ Cytotoxic T
AGATATACTAGTCG-1	CD8+/CD45RA+ Naive Cytotoxic
AGATATACTATCGG-1	CD8+/CD45RA+ Naive Cytotoxic
AGATATACTTTGCT-1	CD56+ NK
AGATATTGACCACA-1	CD4+/CD45RO+ Memory
AGATATTGAGCTAC-1	CD8+/CD45RA+ Naive Cytotoxic
AGATATTGAGGCGA-1	CD8+ Cytotoxic T
AGATCGTGAATCGC-1	CD8+ Cytotoxic T
AGATCTCTAAGGTA-1	CD8+ Cytotoxic T
AGATCTCTAAGTGA-1	CD8+ Cytotoxic T
AGATCTCTCGTGAT-1	CD8+ Cytotoxic T
AGATCTCTTACGCA-1	CD8+/CD45RA+ Naive Cytotoxic
AGATCTCTTCAGGT-1	CD8+/CD45RA+ Naive Cytotoxic
AGATCTCTTCTAGG-1	CD8+ Cytotoxic T
AGATCTCTTTCTTG-1	Dendritic
AGATTAACACTTTC-1	CD8+ Cytotoxic T
AGATTAACGCTCCT-1	CD56+ NK
AGATTAACGTTCTT-1	CD8+/CD45RA+ Naive Cytotoxic
AGATTAACTGCGTA-1	CD4+/CD45RA+/CD25- Naive T
AGATTCCTAAGTGA-1	CD8+ Cytotoxic T
AGATTCCTACACGT-1	CD8+ Cytotoxic T
AGATTCCTAGATGA-1	CD14+ Monocyte
AGATTCCTGACACT-1	CD8+/CD45RA+ Naive Cytotoxic
AGATTCCTGGCATT-1	CD8+ Cytotoxic T
AGATTCCTGGTACT-1	CD8+/CD45RA+ Naive Cytotoxic
AGATTCCTTGGTAC-1	CD4+/CD45RA+/CD25- Naive T
AGATTCCTTTCCCG-1	CD8+/CD45RA+ Naive Cytotoxic
AGATTCCTTTGCTT-1	CD14+ Monocyte
AGCAAAGAAAAACG-1	CD19+ B
AGCAAAGAAAGGGC-1	CD8+ Cytotoxic T
AGCAAAGAACACAC-1	CD8+ Cytotoxic T
AGCAAAGAACACCA-1	CD4+/CD45RA+/CD25- Naive T
AGCAAAGAAGTAGA-1	CD8+/CD45RA+ Naive Cytotoxic
AGCAAAGACCTGTC-1	CD8+/CD45RA+ Naive Cytotoxic
AGCAAAGAGTAAGA-1	CD8+/CD45RA+ Naive Cytotoxic
AGCAAAGAGTTTCT-1	CD56+ NK
AGCAAAGATATGCG-1	CD8+/CD45RA+ Naive Cytotoxic
AGCAAAGATTCTTG-1	CD56+ NK
AGCAACACCCATAG-1	CD8+ Cytotoxic T
AGCAACACCCTTCG-1	CD19+ B
AGCAACACCCTTTA-1	CD4+/CD45RA+/CD25- Naive T
